review,sentiment,cleaned_review
This product is amazing and I really love it,positive,product amazing really love
The quality is excellent and worth the money,positive,quality excellent worth money
I am very happy with this purchase,positive,happy purchase
Absolutely fantastic product and great quality,positive,absolutely fantastic product great quality
This is one of the best products I have bought,positive,one best product bought
Very useful product and easy to use,positive,useful product easy use
I loved the design and performance,positive,loved design performance
"Great product, I would definitely recommend it",positive,great product would definitely recommend
The product works perfectly and looks great,positive,product work perfectly look great
"Excellent experience, I am completely satisfied",positive,excellent experience completely satisfied
Really good product with excellent quality,positive,really good product excellent quality
I am extremely happy with the purchase,positive,extremely happy purchase
Fantastic quality and very useful,positive,fantastic quality useful
This product exceeded my expectations,positive,product exceeded expectation
Good value for money and great performance,positive,good value money great performance
The service was excellent and delivery was fast,positive,service excellent delivery fast
I am impressed with the product quality,positive,impressed product quality
This product is reliable and convenient,positive,product reliable convenient
"Wonderful purchase, I am very satisfied",positive,wonderful purchase satisfied
"The product is simple, useful and effective",positive,product simple useful effective
Amazing experience from start to finish,positive,amazing experience start finish
The performance is better than expected,positive,performance better expected
I would happily buy this product again,positive,would happily buy product
Excellent design and outstanding performance,positive,excellent design outstanding performance
This is a high quality product,positive,high quality product
Very satisfied with the overall experience,positive,satisfied overall experience
The product arrived safely and works great,positive,product arrived safely work great
Great value and excellent customer service,positive,great value excellent customer service
I strongly recommend this product,positive,strongly recommend product
Everything about this product is excellent,positive,everything product excellent
The product is durable and works perfectly,positive,product durable work perfectly
Really impressed by the quality,positive,really impressed quality
This purchase was totally worth it,positive,purchase totally worth
Easy to use and very effective,positive,easy use effective
I am pleased with the results,positive,pleased result
The product looks beautiful and performs well,positive,product look beautiful performs well
Fantastic experience and great support,positive,fantastic experience great support
This product is better than I expected,positive,product better expected
Excellent purchase with no complaints,positive,excellent purchase complaint
Very happy with the quality and performance,positive,happy quality performance
The product is comfortable and practical,positive,product comfortable practical
I love how well this product works,positive,love well product work
Superb quality and fast delivery,positive,superb quality fast delivery
A great product for the price,positive,great product price
The product is reliable and easy to operate,positive,product reliable easy operate
I am satisfied with every aspect,positive,satisfied every aspect
Very impressive product and service,positive,impressive product service
The quality is outstanding,positive,quality outstanding
I would recommend it to everyone,positive,would recommend everyone
This product made my life easier,positive,product made life easier
Worst product I have ever purchased,negative,worst product ever purchased
I am very disappointed with this product,negative,disappointed product
The quality is terrible and very poor,negative,quality terrible poor
I hate this product and regret buying it,negative,hate product regret buying
Very bad product and completely useless,negative,bad product completely useless
The product stopped working after one day,negative,product stopped working one day
Terrible experience and waste of money,negative,terrible experience waste money
I would never recommend this product,negative,would never recommend product
Poor quality and disappointing performance,negative,poor quality disappointing performance
This product is horrible and does not work,negative,product horrible work
I am unhappy with this purchase,negative,unhappy purchase
Completely useless product and bad quality,negative,completely useless product bad quality
The product is defective and frustrating,negative,product defective frustrating
"Very poor experience, I want a refund",negative,poor experience want refund
"Bad product, not worth the money",negative,bad product worth money
The service was terrible and delivery was late,negative,service terrible delivery late
I regret purchasing this product,negative,regret purchasing product
The product quality is extremely poor,negative,product quality extremely poor
It stopped working and caused many problems,negative,stopped working caused many problem
Very disappointing experience,negative,disappointing experience
The product is difficult to use and unreliable,negative,product difficult use unreliable
I received a damaged product,negative,received damaged product
This was a complete waste of money,negative,complete waste money
The performance is much worse than expected,negative,performance much worse expected
I am not satisfied with this purchase,negative,satisfied purchase
The product has many defects,negative,product many defect
Customer service was unhelpful,negative,customer service unhelpful
The product does not work properly,negative,product work properly
Very bad quality and poor performance,negative,bad quality poor performance
I would not buy this product again,negative,would buy product
The product broke after a few uses,negative,product broke us
Extremely disappointing purchase,negative,extremely disappointing purchase
The product is uncomfortable and poorly designed,negative,product uncomfortable poorly designed
The quality does not match the price,negative,quality match price
I had a terrible experience,negative,terrible experience
This product failed to meet expectations,negative,product failed meet expectation
Not useful at all and very frustrating,negative,useful frustrating
The delivery was late and product was damaged,negative,delivery late product damaged
I am extremely unhappy with the purchase,negative,extremely unhappy purchase
Poor product with no value,negative,poor product value
The product is faulty and unreliable,negative,product faulty unreliable
Very frustrating to use this product,negative,frustrating use product
I expected much better quality,negative,expected much better quality
The product is overpriced and disappointing,negative,product overpriced disappointing
Bad experience from start to finish,negative,bad experience start finish
I cannot recommend this product,negative,recommend product
The product stopped working quickly,negative,product stopped working quickly
Terrible quality and poor service,negative,terrible quality poor service
This purchase was a big mistake,negative,purchase big mistake
I am disappointed with the overall experience,negative,disappointed overall experience
