review,sentiment
This product is amazing and I really love it,positive
The quality is excellent and worth the money,positive
I am very happy with this purchase,positive
Absolutely fantastic product and great quality,positive
This is one of the best products I have bought,positive
Very useful product and easy to use,positive
I loved the design and performance,positive
"Great product, I would definitely recommend it",positive
The product works perfectly and looks great,positive
"Excellent experience, I am completely satisfied",positive
Really good product with excellent quality,positive
I am extremely happy with the purchase,positive
Fantastic quality and very useful,positive
This product exceeded my expectations,positive
Good value for money and great performance,positive
The service was excellent and delivery was fast,positive
I am impressed with the product quality,positive
This product is reliable and convenient,positive
"Wonderful purchase, I am very satisfied",positive
"The product is simple, useful and effective",positive
Amazing experience from start to finish,positive
The performance is better than expected,positive
I would happily buy this product again,positive
Excellent design and outstanding performance,positive
This is a high quality product,positive
Very satisfied with the overall experience,positive
The product arrived safely and works great,positive
Great value and excellent customer service,positive
I strongly recommend this product,positive
Everything about this product is excellent,positive
The product is durable and works perfectly,positive
Really impressed by the quality,positive
This purchase was totally worth it,positive
Easy to use and very effective,positive
I am pleased with the results,positive
The product looks beautiful and performs well,positive
Fantastic experience and great support,positive
This product is better than I expected,positive
Excellent purchase with no complaints,positive
Very happy with the quality and performance,positive
The product is comfortable and practical,positive
I love how well this product works,positive
Superb quality and fast delivery,positive
A great product for the price,positive
The product is reliable and easy to operate,positive
I am satisfied with every aspect,positive
Very impressive product and service,positive
The quality is outstanding,positive
I would recommend it to everyone,positive
This product made my life easier,positive
Worst product I have ever purchased,negative
I am very disappointed with this product,negative
The quality is terrible and very poor,negative
I hate this product and regret buying it,negative
Very bad product and completely useless,negative
The product stopped working after one day,negative
Terrible experience and waste of money,negative
I would never recommend this product,negative
Poor quality and disappointing performance,negative
This product is horrible and does not work,negative
I am unhappy with this purchase,negative
Completely useless product and bad quality,negative
The product is defective and frustrating,negative
"Very poor experience, I want a refund",negative
"Bad product, not worth the money",negative
The service was terrible and delivery was late,negative
I regret purchasing this product,negative
The product quality is extremely poor,negative
It stopped working and caused many problems,negative
Very disappointing experience,negative
The product is difficult to use and unreliable,negative
I received a damaged product,negative
This was a complete waste of money,negative
The performance is much worse than expected,negative
I am not satisfied with this purchase,negative
The product has many defects,negative
Customer service was unhelpful,negative
The product does not work properly,negative
Very bad quality and poor performance,negative
I would not buy this product again,negative
The product broke after a few uses,negative
Extremely disappointing purchase,negative
The product is uncomfortable and poorly designed,negative
The quality does not match the price,negative
I had a terrible experience,negative
This product failed to meet expectations,negative
Not useful at all and very frustrating,negative
The delivery was late and product was damaged,negative
I am extremely unhappy with the purchase,negative
Poor product with no value,negative
The product is faulty and unreliable,negative
Very frustrating to use this product,negative
I expected much better quality,negative
The product is overpriced and disappointing,negative
Bad experience from start to finish,negative
I cannot recommend this product,negative
The product stopped working quickly,negative
Terrible quality and poor service,negative
This purchase was a big mistake,negative
I am disappointed with the overall experience,negative
