Order_ID,Order_Date,Category,Segment,Region,Quantity,Sales,Discount,Profit
10001,2024-01-01,Technology,Home Office,West,9.0,764.65,0.03,72.58
10002,2024-01-02,Furniture,Home Office,South,50.0,7634.64,0.01,183.93
10003,2024-01-03,Technology,Home Office,East,2.0,819.86,0.41,13.21
10004,2024-01-04,Technology,Home Office,South,5.0,912.94,0.26,9.8
10005,2024-01-05,Furniture,Consumer,East,4.0,64.39,0.39,0.31
10006,2024-01-06,Furniture,Home Office,Central,8.0,722.94,0.12,60.9
10007,2024-01-07,Technology,Corporate,East,2.0,1447.07,0.17,69.89
10008,2024-01-08,Office Supplies,Corporate,Central,6.0,802.6,0.02,197.41
10009,2024-01-09,Technology,Home Office,South,5.0,1032.44,0.48,80.0
10010,2024-01-10,Technology,Home Office,Central,2.0,502.2,0.33,39.42
10011,2024-01-11,Technology,Corporate,South,1.0,1172.29,0.47,-102.85
10012,2024-01-12,Technology,Corporate,West,8.0,1170.74,0.13,342.13
10013,2024-01-13,Furniture,Consumer,West,2.0,805.88,0.31,-30.23
10014,2024-01-14,Technology,Corporate,West,7.0,1465.22,0.34,-171.41
10015,2024-01-15,Office Supplies,Corporate,Central,9.0,232.05,0.16,34.44
10016,2024-01-16,Furniture,Home Office,West,9.0,74.57,0.42,8.79
10017,2024-01-17,Office Supplies,Corporate,East,8.0,1166.73,0.47,42.95
10018,2024-01-18,Office Supplies,Consumer,South,9.0,1220.38,0.44,48.8
10019,2024-01-19,Office Supplies,Corporate,South,2.0,224.3,0.37,45.6
10020,2024-01-20,Office Supplies,Home Office,East,6.0,435.1,0.14,-26.95
10021,2024-01-21,Furniture,Home Office,Central,4.0,75.45,0.14,16.53
10022,2024-01-22,Furniture,Corporate,Central,4.0,475.3,0.48,67.46
10023,2024-01-23,Office Supplies,Home Office,South,5.0,1171.06,0.01,45.13
10024,2024-01-24,Office Supplies,Consumer,West,3.0,801.04,0.36,44.95
10025,2024-01-25,Furniture,Consumer,Central,1.0,554.74,0.35,-19.14
10026,2024-01-26,Furniture,Corporate,Central,,589.02,0.31,111.0
10027,2024-01-27,Furniture,Corporate,East,5.0,51.96,0.5,4.2
10028,2024-01-28,Technology,Corporate,East,3.0,484.71,0.16,-2.72
10029,2024-01-29,Technology,Home Office,West,7.0,987.37,0.17,116.73
10030,2024-01-30,Technology,Consumer,Central,7.0,1462.58,0.04,435.97
10031,2024-01-31,Office Supplies,Consumer,Central,1.0,1278.24,0.22,58.63
10032,2024-02-01,Technology,Home Office,East,9.0,84.21,0.13,22.26
10033,2024-02-02,Office Supplies,Consumer,Central,2.0,1352.91,0.17,7.11
10034,2024-02-03,Office Supplies,Corporate,South,5.0,1185.64,0.42,-148.64
10035,2024-02-04,Technology,Corporate,East,5.0,1181.55,0.47,-68.64
10036,2024-02-05,Office Supplies,Corporate,West,8.0,714.09,0.09,27.43
10037,2024-02-06,Technology,Consumer,East,8.0,627.11,0.19,-32.09
10038,2024-02-07,Technology,Corporate,Central,7.0,489.23,0.46,-73.33
10039,2024-02-08,Furniture,Home Office,West,7.0,145.26,0.03,38.02
10040,2024-02-09,Technology,Home Office,East,6.0,380.94,0.05,87.52
10041,2024-02-10,Furniture,Consumer,South,6.0,407.58,0.08,75.01
10042,2024-02-11,Technology,Home Office,South,9.0,751.91,0.3,-56.0
10043,2024-02-12,Technology,Home Office,East,50.0,13605.48,0.08,-108.66
10044,2024-02-13,Furniture,Consumer,South,2.0,737.02,0.48,-88.13
10045,2024-02-14,Furniture,Corporate,South,2.0,133.87,0.22,23.54
10046,2024-02-15,Technology,Corporate,South,5.0,1438.8,0.25,385.55
10047,2024-02-16,Office Supplies,Corporate,West,4.0,1416.95,0.12,61.98
10048,2024-02-17,Furniture,Consumer,South,2.0,1188.52,0.24,-114.56
10049,2024-02-18,Office Supplies,Home Office,South,3.0,1487.43,0.33,119.85
10050,2024-02-19,Office Supplies,Corporate,South,7.0,839.5,0.38,5.85
10051,2024-02-20,Office Supplies,Corporate,West,8.0,1446.01,0.38,27.0
10052,2024-02-21,Furniture,Consumer,East,6.0,159.63,0.29,20.69
10053,2024-02-22,Office Supplies,Corporate,Central,5.0,580.24,0.45,100.63
10054,2024-02-23,Furniture,Consumer,South,1.0,376.8,0.41,-37.77
10055,2024-02-24,Office Supplies,Home Office,East,8.0,333.96,0.38,-44.75
10056,2024-02-25,Technology,Consumer,South,3.0,254.16,0.03,75.6
10057,2024-02-26,Technology,Consumer,West,6.0,952.5,0.0,-43.12
10058,2024-02-27,Furniture,Consumer,East,3.0,1182.92,0.11,-148.78
10059,2024-02-28,Technology,Consumer,West,7.0,888.53,0.33,-57.36
10060,2024-02-29,Technology,Home Office,South,7.0,263.1,0.21,-34.85
10061,2024-03-01,Office Supplies,Home Office,South,9.0,1226.13,0.2,32.27
10062,2024-03-02,Furniture,Corporate,West,5.0,972.13,0.44,205.2
10063,2024-03-03,Office Supplies,Home Office,Central,8.0,612.84,0.45,2.18
10064,2024-03-04,Office Supplies,Home Office,West,8.0,1027.49,0.45,51.25
10065,2024-03-05,Office Supplies,Corporate,South,1.0,426.86,0.16,65.74
10066,2024-03-06,Office Supplies,Home Office,West,5.0,550.53,0.35,43.49
10067,2024-03-07,Office Supplies,Consumer,Central,3.0,1380.35,0.14,328.04
10068,2024-03-08,Office Supplies,Consumer,West,1.0,471.23,0.1,112.96
10069,2024-03-09,Office Supplies,Corporate,Central,4.0,731.48,0.09,-106.46
10070,2024-03-10,Furniture,Corporate,Central,8.0,1340.7,0.17,268.3
10071,2024-03-11,Technology,Corporate,West,3.0,1076.2,0.21,61.7
10072,2024-03-12,Office Supplies,Consumer,West,2.0,140.19,0.42,41.35
10073,2024-03-13,Office Supplies,Home Office,East,9.0,263.59,0.06,17.78
10074,2024-03-14,Office Supplies,Consumer,South,5.0,61.37,0.37,18.05
10075,2024-03-15,Office Supplies,Corporate,Central,7.0,964.84,0.27,182.89
10076,2024-03-16,Office Supplies,Home Office,East,2.0,699.13,0.14,-26.66
10077,2024-03-17,Office Supplies,Home Office,West,9.0,244.7,0.25,22.58
10078,2024-03-18,Technology,Consumer,South,9.0,1439.0,0.15,426.61
10079,2024-03-19,Technology,Corporate,East,4.0,818.01,0.3,192.96
10080,2024-03-20,Office Supplies,Consumer,Central,4.0,400.75,0.22,-42.55
10081,2024-03-21,Technology,Home Office,East,6.0,775.88,0.08,130.24
10082,2024-03-22,Furniture,Consumer,Central,6.0,1035.45,0.06,5.71
10083,2024-03-23,Office Supplies,Consumer,West,1.0,160.55,0.27,-23.58
10084,2024-03-24,Furniture,Corporate,South,9.0,448.32,0.45,14.15
10085,2024-03-25,Furniture,Corporate,South,2.0,1220.1,0.17,-54.12
10086,2024-03-26,Office Supplies,Home Office,South,5.0,716.51,0.37,156.55
10087,2024-03-27,Technology,Consumer,West,9.0,842.54,0.33,1.52
10088,2024-03-28,Furniture,Consumer,Central,4.0,,0.47,150.68
10089,2024-03-29,Office Supplies,Consumer,West,3.0,113.65,0.41,-17.02
10090,2024-03-30,Furniture,Home Office,South,7.0,290.34,0.28,-3.33
10091,2024-03-31,Furniture,Home Office,West,6.0,696.04,0.33,-28.87
10092,2024-04-01,Furniture,Corporate,West,8.0,353.32,0.45,-15.86
10093,2024-04-02,Furniture,Corporate,West,3.0,122.47,0.2,-14.61
10094,2024-04-03,Technology,Corporate,Central,5.0,1273.29,0.16,-83.77
10095,2024-04-04,Furniture,Consumer,East,4.0,1472.73,0.01,147.27
10096,2024-04-05,Furniture,Consumer,East,4.0,1200.06,0.41,-22.67
10097,2024-04-06,Furniture,Corporate,West,4.0,1287.99,0.4,48.72
10098,2024-04-07,Technology,Consumer,East,8.0,400.87,0.05,7.85
10099,2024-04-08,Furniture,Corporate,East,6.0,1442.91,0.29,352.3
10100,2024-04-09,Furniture,Home Office,West,3.0,335.54,0.23,86.36
10101,2024-04-10,Technology,Corporate,West,5.0,1429.57,0.06,102.69
10102,2024-04-11,Technology,Home Office,South,,1492.49,0.49,-2.13
10103,2024-04-12,Technology,Consumer,East,5.0,1082.0,0.11,-110.3
10104,2024-04-13,Furniture,Corporate,Central,6.0,1472.66,0.03,410.92
10105,2024-04-14,Technology,Consumer,West,8.0,875.83,0.3,-107.64
10106,2024-04-15,Technology,Home Office,South,7.0,426.34,0.37,-6.85
10107,2024-04-16,Furniture,Home Office,Central,5.0,683.64,0.02,-10.85
10108,2024-04-17,Technology,Home Office,East,6.0,910.66,0.33,-5.3
10109,2024-04-18,Furniture,Consumer,South,4.0,155.97,0.27,-11.86
10110,2024-04-19,Office Supplies,Consumer,West,9.0,952.4,0.05,192.79
10111,2024-04-20,Technology,Consumer,Central,4.0,1472.71,0.09,-139.72
10112,2024-04-21,Office Supplies,Consumer,West,1.0,325.66,0.28,44.19
10113,2024-04-22,Furniture,Home Office,East,7.0,1199.26,0.15,-113.05
10114,2024-04-23,Technology,Home Office,Central,7.0,1366.45,0.47,-161.59
10115,2024-04-24,Furniture,Corporate,East,4.0,1418.37,0.41,367.7
10116,2024-04-25,Office Supplies,Corporate,East,3.0,1442.2,0.49,-92.94
10117,2024-04-26,Furniture,Consumer,South,8.0,806.12,0.13,176.99
10118,2024-04-27,Technology,Home Office,West,5.0,1467.1,0.48,139.5
10119,2024-04-28,Technology,Home Office,Central,7.0,1148.1,0.22,-131.99
10120,2024-04-29,Office Supplies,Home Office,East,4.0,284.42,0.17,79.62
10121,2024-04-30,Furniture,Corporate,East,4.0,741.51,0.03,-28.82
10122,2024-05-01,Technology,Corporate,Central,8.0,1091.58,0.03,258.53
10123,2024-05-02,Office Supplies,Home Office,East,8.0,408.64,0.35,-30.25
10124,2024-05-03,Technology,Home Office,South,2.0,978.89,0.23,
10125,2024-05-04,Technology,Home Office,South,2.0,1016.57,0.11,-146.43
10126,2024-05-05,Furniture,Corporate,South,3.0,285.91,0.31,22.96
10127,2024-05-06,Technology,Home Office,South,3.0,869.37,0.13,170.61
10128,2024-05-07,Furniture,Home Office,East,1.0,,0.29,316.36
10129,2024-05-08,Technology,Consumer,Central,3.0,773.4,0.18,200.42
10130,2024-05-09,Office Supplies,Consumer,Central,6.0,67.55,0.41,14.78
10131,2024-05-10,Technology,Corporate,Central,8.0,63.11,0.41,15.76
10132,2024-05-11,Furniture,Home Office,Central,6.0,567.69,0.24,-34.26
10133,2024-05-12,Furniture,Home Office,West,5.0,1392.98,0.18,-30.81
10134,2024-05-13,Office Supplies,Consumer,Central,4.0,381.58,0.18,-7.62
10135,2024-05-14,Technology,Corporate,West,3.0,969.83,0.4,19.08
10136,2024-05-15,Technology,Consumer,West,4.0,372.01,0.16,10.04
10137,2024-05-16,Office Supplies,Consumer,South,7.0,516.42,0.1,49.09
10138,2024-05-17,Technology,Consumer,West,1.0,1279.66,0.04,-99.88
10139,2024-05-18,Technology,Consumer,East,7.0,1106.85,0.23,178.27
10140,2024-05-19,Furniture,Home Office,West,1.0,188.33,0.24,-14.05
10141,2024-05-20,Technology,Home Office,South,2.0,671.62,0.42,-6.96
10142,2024-05-21,Technology,Consumer,West,4.0,92.3,0.11,7.06
10143,2024-05-22,Office Supplies,Corporate,East,1.0,747.29,0.19,155.73
10144,2024-05-23,Office Supplies,Corporate,East,9.0,1010.53,0.4,184.69
10145,2024-05-24,Furniture,Corporate,East,6.0,221.83,0.41,31.16
10146,2024-05-25,Technology,Corporate,South,1.0,468.88,0.19,-37.46
10147,2024-05-26,Technology,Consumer,South,1.0,626.86,0.23,60.29
10148,2024-05-27,Technology,Home Office,Central,6.0,1383.32,0.15,-153.06
10149,2024-05-28,Furniture,Corporate,South,4.0,1490.22,0.47,29.53
10150,2024-05-29,Furniture,Consumer,East,4.0,115.12,0.06,4.15
10151,2024-05-30,Office Supplies,Corporate,East,6.0,1153.46,0.47,-152.35
10152,2024-05-31,Furniture,Corporate,South,7.0,589.0,0.34,-15.73
10153,2024-06-01,Technology,Consumer,West,9.0,619.06,0.27,173.36
10154,2024-06-02,Technology,Home Office,South,5.0,1143.68,0.02,319.24
10155,2024-06-03,Furniture,Home Office,South,9.0,1381.72,0.24,11.81
10156,2024-06-04,Technology,Consumer,East,4.0,1428.85,0.2,-186.61
10157,2024-06-05,Technology,Home Office,Central,2.0,886.83,0.08,-61.55
10158,2024-06-06,Furniture,Consumer,East,3.0,567.83,0.33,15.05
10159,2024-06-07,Furniture,Consumer,Central,1.0,1191.95,0.49,329.58
10160,2024-06-08,Technology,Consumer,East,6.0,413.95,0.28,-35.79
10161,2024-06-09,Technology,Home Office,South,6.0,867.91,0.36,168.01
10162,2024-06-10,Technology,Consumer,East,1.0,569.94,0.03,-57.62
10163,2024-06-11,Office Supplies,Corporate,East,3.0,1002.12,0.21,292.18
10164,2024-06-12,Office Supplies,Home Office,East,5.0,398.58,0.06,8.66
10165,2024-06-13,Office Supplies,Home Office,South,3.0,327.81,0.31,65.19
10166,2024-06-14,Furniture,Home Office,South,3.0,1381.45,0.47,5.76
10167,2024-06-15,Office Supplies,Home Office,South,3.0,197.62,0.33,26.17
10168,2024-06-16,Furniture,Corporate,South,5.0,783.64,0.04,-49.83
10169,2024-06-17,Furniture,Home Office,Central,5.0,370.24,0.18,-31.21
10170,2024-06-18,Office Supplies,Home Office,Central,4.0,106.45,0.28,28.97
10171,2024-06-19,Office Supplies,Consumer,West,1.0,102.23,0.2,26.88
10172,2024-06-20,Office Supplies,Home Office,South,5.0,304.07,0.42,75.82
10173,2024-06-21,Technology,Corporate,Central,5.0,1306.82,0.41,171.78
10174,2024-06-22,Office Supplies,Corporate,East,4.0,459.59,0.31,98.22
10175,2024-06-23,Technology,Corporate,South,6.0,1428.17,0.19,-169.86
10176,2024-06-24,Furniture,Corporate,West,4.0,893.35,0.13,0.59
10177,2024-06-25,Technology,Home Office,West,7.0,683.09,0.05,-6.03
10178,2024-06-26,Office Supplies,Home Office,West,7.0,891.13,0.18,121.23
10179,2024-06-27,Furniture,Corporate,East,2.0,,0.21,8.14
10180,2024-06-28,Furniture,Corporate,Central,3.0,1150.23,0.34,-95.67
10181,2024-06-29,Furniture,Home Office,East,1.0,459.62,0.33,54.42
10182,2024-06-30,Technology,Corporate,South,8.0,561.92,0.04,121.64
10183,2024-07-01,Office Supplies,Consumer,West,9.0,1346.44,0.2,29.56
10184,2024-07-02,Furniture,Corporate,East,4.0,1422.36,0.09,-128.69
10185,2024-07-03,Furniture,Corporate,East,6.0,1344.21,0.08,-82.66
10186,2024-07-04,Furniture,Consumer,Central,9.0,658.2,0.41,-28.39
10187,2024-07-05,Technology,Consumer,Central,6.0,1181.53,0.02,-17.78
10188,2024-07-06,Technology,Home Office,West,9.0,740.69,0.21,103.15
10189,2024-07-07,Office Supplies,Home Office,East,4.0,771.43,0.08,92.9
10190,2024-07-08,Technology,Consumer,East,8.0,346.79,0.44,56.61
10191,2024-07-09,Furniture,Consumer,Central,9.0,907.14,0.28,11.91
10192,2024-07-10,Office Supplies,Home Office,East,4.0,319.9,0.12,70.63
10193,2024-07-11,Furniture,Corporate,East,5.0,530.77,0.25,-30.87
10194,2024-07-12,Furniture,Consumer,East,8.0,1289.79,0.37,78.77
10195,2024-07-13,Technology,Home Office,Central,6.0,350.26,0.48,73.7
10196,2024-07-14,Office Supplies,Corporate,West,7.0,153.18,0.11,-10.56
10197,2024-07-15,Technology,Consumer,South,3.0,150.06,0.44,-15.09
10198,2024-07-16,Technology,Corporate,West,7.0,1414.14,0.47,350.22
10199,2024-07-17,Office Supplies,Home Office,South,8.0,785.03,0.46,3.39
10200,2024-07-18,Furniture,Consumer,East,6.0,643.65,0.32,101.53
10201,2024-07-19,Furniture,Corporate,West,9.0,1225.77,0.31,-169.88
10202,2024-07-20,Office Supplies,Consumer,South,6.0,1261.95,0.2,202.57
10203,2024-07-21,Furniture,Corporate,Central,9.0,531.68,0.38,-4.12
10204,2024-07-22,Office Supplies,Home Office,Central,4.0,1055.75,0.27,-131.88
10205,2024-07-23,Office Supplies,Home Office,West,8.0,1168.13,0.34,145.33
10206,2024-07-24,Technology,Consumer,West,4.0,999.24,0.21,-41.61
10207,2024-07-25,Office Supplies,Corporate,East,2.0,269.81,0.37,6.49
10208,2024-07-26,Technology,Consumer,West,9.0,1320.03,0.41,-150.14
10209,2024-07-27,Furniture,Consumer,East,5.0,831.69,0.07,-69.68
10210,2024-07-28,Furniture,Corporate,East,4.0,459.59,0.42,-7.31
10211,2024-07-29,Furniture,Corporate,Central,2.0,666.58,0.27,-73.06
10212,2024-07-30,Furniture,Corporate,Central,1.0,104.48,0.42,27.15
10213,2024-07-31,Technology,Home Office,South,7.0,235.41,0.22,-34.67
10214,2024-08-01,Furniture,Consumer,Central,6.0,1160.04,0.19,78.58
10215,2024-08-02,Office Supplies,Consumer,Central,2.0,50.02,0.46,-4.73
10216,2024-08-03,Office Supplies,Home Office,West,8.0,654.02,0.13,-7.55
10217,2024-08-04,Office Supplies,Corporate,Central,4.0,807.64,0.42,215.42
10218,2024-08-05,Technology,Home Office,South,8.0,129.22,0.24,-9.98
10219,2024-08-06,Furniture,Home Office,West,7.0,1460.96,0.26,415.83
10220,2024-08-07,Furniture,Home Office,South,5.0,377.88,0.15,-21.69
10221,2024-08-08,Furniture,Consumer,Central,8.0,491.09,0.29,90.22
10222,2024-08-09,Technology,Home Office,South,9.0,490.72,0.16,47.11
10223,2024-08-10,Office Supplies,Consumer,West,5.0,384.1,0.02,95.26
10224,2024-08-11,Office Supplies,Consumer,East,5.0,52.14,0.14,5.18
10225,2024-08-12,Furniture,Consumer,South,2.0,1107.55,0.0,100.29
10226,2024-08-13,Office Supplies,Corporate,South,5.0,1451.93,0.49,-90.08
10227,2024-08-14,Office Supplies,Consumer,West,3.0,375.23,0.48,-28.22
10228,2024-08-15,Technology,Consumer,West,7.0,1011.42,0.2,265.42
10229,2024-08-16,Technology,Corporate,South,5.0,1125.75,0.36,-2.78
10230,2024-08-17,Technology,Consumer,Central,8.0,1280.22,0.17,22.32
10231,2024-08-18,Technology,Home Office,South,1.0,662.81,0.34,127.21
10232,2024-08-19,Furniture,Home Office,West,3.0,489.25,0.4,1.21
10233,2024-08-20,Technology,Consumer,East,3.0,521.68,0.47,145.25
10234,2024-08-21,Office Supplies,Corporate,East,9.0,1083.3,0.2,197.23
10235,2024-08-22,Furniture,Home Office,Central,5.0,1234.33,0.39,146.69
10236,2024-08-23,Office Supplies,Corporate,South,9.0,313.34,0.13,77.21
10237,2024-08-24,Office Supplies,Corporate,East,9.0,587.86,0.5,-75.06
10238,2024-08-25,Office Supplies,Home Office,South,1.0,1357.81,0.01,-46.6
10239,2024-08-26,Technology,Corporate,West,2.0,1219.71,0.3,72.29
10240,2024-08-27,Technology,Home Office,East,5.0,1478.04,0.33,-70.74
10241,2024-08-28,Furniture,Corporate,Central,4.0,1143.66,0.34,211.3
10242,2024-08-29,Furniture,Home Office,West,9.0,620.13,0.06,163.49
10243,2024-08-30,Technology,Consumer,Central,7.0,906.42,0.47,36.89
10244,2024-08-31,Office Supplies,Home Office,West,6.0,1008.47,0.09,3.99
10245,2024-09-01,Furniture,Home Office,East,7.0,163.76,0.31,46.29
10246,2024-09-02,Technology,Home Office,Central,1.0,839.52,0.11,42.13
10247,2024-09-03,Technology,Home Office,Central,1.0,1078.52,0.15,75.57
10248,2024-09-04,Technology,Corporate,West,8.0,292.62,0.27,2.41
10249,2024-09-05,Office Supplies,Consumer,Central,2.0,1181.92,0.21,306.47
10250,2024-09-06,Technology,Home Office,West,9.0,896.47,0.08,95.05
10251,2024-09-07,Technology,Corporate,West,7.0,1430.72,0.09,276.1
10252,2024-09-08,Technology,Consumer,West,6.0,111.51,0.21,24.01
10253,2024-09-09,Technology,Consumer,West,1.0,434.72,0.38,1.67
10254,2024-09-10,Furniture,Consumer,East,1.0,922.25,0.45,41.65
10255,2024-09-11,Furniture,Consumer,West,2.0,480.01,0.04,111.27
10256,2024-09-12,Technology,Home Office,South,6.0,1085.92,0.2,14.62
10257,2024-09-13,Office Supplies,Home Office,Central,6.0,1150.56,0.05,238.48
10258,2024-09-14,Furniture,Corporate,South,2.0,198.65,0.01,54.32
10259,2024-09-15,Technology,Corporate,East,1.0,795.09,0.33,103.72
10260,2024-09-16,Furniture,Corporate,South,5.0,787.89,0.3,144.76
10261,2024-09-17,Furniture,Consumer,Central,5.0,585.46,0.08,124.29
10262,2024-09-18,Office Supplies,Consumer,South,2.0,1402.74,0.12,323.01
10263,2024-09-19,Technology,Home Office,East,6.0,1249.88,0.01,34.71
10264,2024-09-20,Technology,Consumer,West,9.0,1060.95,0.42,-134.67
10265,2024-09-21,Office Supplies,Consumer,South,2.0,1085.77,0.49,33.49
10266,2024-09-22,Office Supplies,Consumer,East,2.0,719.49,0.07,110.22
10267,2024-09-23,Technology,Corporate,East,3.0,1385.44,0.12,72.95
10268,2024-09-24,Technology,Corporate,Central,7.0,1057.16,0.43,197.72
10269,2024-09-25,Office Supplies,Home Office,Central,6.0,1107.02,0.46,11.78
10270,2024-09-26,Furniture,Consumer,South,8.0,1299.45,0.21,176.25
10271,2024-09-27,Furniture,Consumer,West,8.0,447.4,0.03,-29.58
10272,2024-09-28,Office Supplies,Home Office,East,6.0,1220.25,0.02,
10273,2024-09-29,Furniture,Consumer,South,3.0,333.1,0.29,31.83
10274,2024-09-30,Office Supplies,Consumer,East,3.0,550.75,0.2,-32.04
10275,2024-10-01,Furniture,Corporate,East,1.0,536.64,0.01,-10.0
10276,2024-10-02,Furniture,Home Office,West,7.0,1468.86,0.29,274.49
10277,2024-10-03,Technology,Home Office,West,5.0,1291.98,0.01,86.78
10278,2024-10-04,Technology,Home Office,South,4.0,1066.7,0.39,-56.31
10279,2024-10-05,Furniture,Home Office,West,4.0,1104.23,0.15,315.01
10280,2024-10-06,Furniture,Corporate,West,4.0,865.01,0.02,148.61
10281,2024-10-07,Technology,Corporate,South,6.0,1423.28,0.29,399.53
10282,2024-10-08,Technology,Consumer,West,8.0,769.58,0.2,32.47
10283,2024-10-09,Technology,Consumer,Central,8.0,601.75,0.49,38.39
10284,2024-10-10,Office Supplies,Consumer,East,5.0,286.4,0.27,72.77
10285,2024-10-11,Furniture,Consumer,East,6.0,1190.0,0.14,102.66
10286,2024-10-12,Technology,Corporate,East,4.0,1114.94,0.35,187.62
10287,2024-10-13,Furniture,Home Office,East,9.0,607.31,0.14,-22.18
10288,2024-10-14,Office Supplies,Corporate,South,8.0,86.53,0.45,4.42
10289,2024-10-15,Office Supplies,Consumer,East,1.0,1266.55,0.19,-119.62
10290,2024-10-16,Technology,Corporate,East,2.0,66.56,0.27,-3.81
10291,2024-10-17,Office Supplies,Home Office,East,9.0,1070.36,0.03,
10292,2024-10-18,Furniture,Home Office,East,8.0,1456.87,0.21,-192.79
10293,2024-10-19,Technology,Corporate,Central,3.0,684.61,0.42,198.38
10294,2024-10-20,Furniture,Corporate,East,8.0,390.71,0.4,-16.0
10295,2024-10-21,Furniture,Corporate,Central,1.0,1072.06,0.11,159.19
10296,2024-10-22,Office Supplies,Consumer,South,4.0,1234.84,0.11,281.04
10297,2024-10-23,Office Supplies,Corporate,West,3.0,842.32,0.41,82.38
10298,2024-10-24,Office Supplies,Corporate,East,6.0,1452.2,0.47,-117.75
10299,2024-10-25,Office Supplies,Corporate,West,7.0,124.92,0.05,22.19
10300,2024-10-26,Office Supplies,Home Office,West,4.0,781.95,0.23,93.92
10301,2024-10-27,Technology,Home Office,South,7.0,1091.76,0.17,195.49
10302,2024-10-28,Furniture,Consumer,West,9.0,1300.83,0.44,255.46
10303,2024-10-29,Furniture,Consumer,Central,2.0,309.92,0.04,89.55
10304,2024-10-30,Furniture,Home Office,West,3.0,1210.01,0.11,130.81
10305,2024-10-31,Furniture,Home Office,West,5.0,851.43,0.38,3.18
10306,2024-11-01,Office Supplies,Home Office,West,3.0,625.0,0.03,88.63
10307,2024-11-02,Furniture,Corporate,East,8.0,240.99,0.25,-28.73
10308,2024-11-03,Technology,Corporate,East,8.0,1304.68,0.22,331.17
10309,2024-11-04,Technology,Home Office,Central,8.0,278.05,0.17,
10310,2024-11-05,Furniture,Corporate,Central,9.0,499.19,0.2,-1.23
10311,2024-11-06,Furniture,Corporate,East,4.0,470.57,0.26,102.15
10312,2024-11-07,Technology,Consumer,Central,5.0,1313.55,0.08,156.04
10313,2024-11-08,Technology,Home Office,East,5.0,1025.42,0.29,27.83
10314,2024-11-09,Office Supplies,Home Office,South,8.0,1205.19,0.4,75.98
10315,2024-11-10,Technology,Corporate,West,7.0,413.18,0.38,96.91
10316,2024-11-11,Office Supplies,Home Office,West,9.0,956.07,0.08,2.87
10317,2024-11-12,Office Supplies,Consumer,Central,8.0,879.03,0.07,212.15
10318,2024-11-13,Office Supplies,Consumer,East,2.0,1257.6,0.13,-138.76
10319,2024-11-14,Office Supplies,Consumer,East,4.0,1363.83,0.18,272.16
10320,2024-11-15,Office Supplies,Home Office,Central,6.0,67.63,0.2,15.65
10321,2024-11-16,Furniture,Home Office,East,2.0,,0.34,-70.05
10322,2024-11-17,Technology,Home Office,South,7.0,125.16,0.03,5.46
10323,2024-11-18,Office Supplies,Home Office,West,3.0,845.85,0.02,-63.88
10324,2024-11-19,Technology,Home Office,Central,3.0,467.07,0.2,78.45
10325,2024-11-20,Technology,Consumer,Central,2.0,494.83,0.35,44.98
10326,2024-11-21,Office Supplies,Corporate,East,8.0,561.79,0.1,76.34
10327,2024-11-22,Furniture,Consumer,Central,6.0,950.87,0.32,-58.56
10328,2024-11-23,Office Supplies,Home Office,South,1.0,534.37,0.13,-29.24
10329,2024-11-24,Furniture,Consumer,East,1.0,1112.41,0.44,-146.09
10330,2024-11-25,Technology,Home Office,East,7.0,636.56,0.45,-3.23
10331,2024-11-26,Furniture,Home Office,East,8.0,149.11,0.15,15.19
10332,2024-11-27,Furniture,Consumer,East,5.0,1186.45,0.11,280.09
10333,2024-11-28,Furniture,Home Office,South,5.0,464.35,0.21,69.71
10334,2024-11-29,Technology,Corporate,East,4.0,677.51,0.12,31.12
10335,2024-11-30,Technology,Home Office,Central,6.0,1043.89,0.34,291.15
10336,2024-12-01,Furniture,Corporate,South,6.0,532.06,0.41,92.4
10337,2024-12-02,Furniture,Corporate,West,3.0,132.05,0.34,35.47
10338,2024-12-03,Office Supplies,Home Office,West,9.0,592.19,0.41,51.77
10339,2024-12-04,Furniture,Consumer,Central,7.0,1419.45,0.2,-47.54
10340,2024-12-05,Office Supplies,Corporate,Central,1.0,980.51,0.08,-123.77
10341,2024-12-06,Furniture,Consumer,South,7.0,1023.64,0.37,180.92
10342,2024-12-07,Office Supplies,Corporate,West,5.0,966.81,0.18,-92.25
10343,2024-12-08,Technology,Home Office,West,5.0,338.54,0.34,-4.66
10344,2024-12-09,Furniture,Home Office,West,2.0,656.58,0.14,58.84
10345,2024-12-10,Furniture,Corporate,West,4.0,1138.86,0.04,118.43
10346,2024-12-11,Furniture,Home Office,West,6.0,196.99,0.5,23.69
10347,2024-12-12,Furniture,Corporate,East,7.0,452.89,0.08,-34.05
10348,2024-12-13,Office Supplies,Home Office,Central,5.0,450.66,0.49,9.41
10349,2024-12-14,Furniture,Consumer,East,9.0,676.43,0.49,86.41
10350,2024-12-15,Technology,Home Office,West,3.0,,0.4,421.47
10351,2024-12-16,Technology,Consumer,South,1.0,147.88,0.33,26.24
10352,2024-12-17,Furniture,Home Office,South,4.0,802.12,0.29,212.7
10353,2024-12-18,Technology,Consumer,West,9.0,310.08,0.43,59.84
10354,2024-12-19,Furniture,Home Office,West,4.0,1457.48,0.14,169.47
10355,2024-12-20,Furniture,Consumer,South,2.0,214.29,0.23,-13.63
10356,2024-12-21,Technology,Corporate,East,5.0,635.22,0.31,95.29
10357,2024-12-22,Furniture,Corporate,East,3.0,1119.93,0.21,146.17
10358,2024-12-23,Technology,Consumer,West,9.0,1071.6,0.21,129.78
10359,2024-12-24,Office Supplies,Home Office,East,4.0,662.96,0.17,46.67
10360,2024-12-25,Furniture,Consumer,South,6.0,552.46,0.28,48.56
10361,2024-12-26,Office Supplies,Home Office,East,,626.54,0.43,0.31
10362,2024-12-27,Technology,Corporate,West,6.0,433.2,0.1,36.25
10363,2024-12-28,Office Supplies,Home Office,South,3.0,347.73,0.47,-21.25
10364,2024-12-29,Office Supplies,Corporate,East,9.0,750.41,0.34,159.33
10365,2024-12-30,Technology,Home Office,Central,2.0,439.37,0.41,-29.17
10366,2024-12-31,Office Supplies,Home Office,South,9.0,466.82,0.28,-52.17
10367,2025-01-01,Office Supplies,Home Office,South,5.0,1002.3,0.39,46.42
10368,2025-01-02,Technology,Consumer,Central,8.0,1454.38,0.01,212.69
10369,2025-01-03,Office Supplies,Consumer,Central,2.0,925.27,0.41,43.46
10370,2025-01-04,Technology,Corporate,South,6.0,161.62,0.02,-4.11
10371,2025-01-05,Office Supplies,Corporate,Central,3.0,159.6,0.44,16.15
10372,2025-01-06,Technology,Consumer,West,5.0,1429.56,0.5,8.79
10373,2025-01-07,Technology,Corporate,West,8.0,481.07,0.15,129.79
10374,2025-01-08,Office Supplies,Consumer,West,1.0,183.5,0.11,48.66
10375,2025-01-09,Office Supplies,Home Office,South,5.0,918.61,0.38,69.88
10376,2025-01-10,Office Supplies,Corporate,Central,3.0,954.29,0.13,-2.34
10377,2025-01-11,Furniture,Corporate,Central,4.0,990.33,0.43,179.95
10378,2025-01-12,Furniture,Consumer,East,2.0,437.73,0.05,-58.43
10379,2025-01-13,Furniture,Corporate,East,9.0,71.91,0.06,4.58
10380,2025-01-14,Technology,Corporate,Central,3.0,1449.27,0.49,1.95
10381,2025-01-15,Office Supplies,Home Office,Central,2.0,413.79,0.34,109.34
10382,2025-01-16,Technology,Corporate,Central,9.0,1030.24,0.42,-148.97
10383,2025-01-17,Furniture,Home Office,South,7.0,1074.61,0.16,106.14
10384,2025-01-18,Office Supplies,Consumer,Central,6.0,934.51,0.34,171.29
10385,2025-01-19,Technology,Corporate,East,1.0,503.72,0.3,34.38
10386,2025-01-20,Office Supplies,Home Office,South,5.0,443.09,0.3,-49.43
10387,2025-01-21,Technology,Consumer,Central,3.0,916.62,0.34,263.63
10388,2025-01-22,Office Supplies,Corporate,East,1.0,1305.84,0.29,108.52
10389,2025-01-23,Furniture,Consumer,South,4.0,1422.76,0.21,179.81
10390,2025-01-24,Furniture,Corporate,Central,2.0,203.56,0.14,-8.86
10391,2025-01-25,Office Supplies,Consumer,Central,2.0,274.5,0.38,18.55
10392,2025-01-26,Technology,Consumer,Central,3.0,1419.87,0.11,61.22
10393,2025-01-27,Furniture,Home Office,South,8.0,1117.98,0.35,-130.02
10394,2025-01-28,Furniture,Consumer,East,8.0,1330.34,0.12,-136.0
10395,2025-01-29,Furniture,Corporate,East,7.0,343.82,0.31,78.0
10396,2025-01-30,Office Supplies,Corporate,West,6.0,902.0,0.37,-37.96
10397,2025-01-31,Office Supplies,Home Office,Central,9.0,1066.65,0.11,-66.42
10398,2025-02-01,Technology,Corporate,West,,1036.16,0.03,80.0
10399,2025-02-02,Technology,Corporate,West,1.0,641.82,0.07,125.76
10400,2025-02-03,Technology,Corporate,East,8.0,72.32,0.3,-8.83
10401,2025-02-04,Office Supplies,Consumer,South,7.0,895.24,0.42,98.09
10402,2025-02-05,Office Supplies,Consumer,South,7.0,417.0,0.02,-40.18
10403,2025-02-06,Technology,Corporate,East,3.0,702.87,0.37,-93.9
10404,2025-02-07,Technology,Home Office,South,4.0,1438.49,0.17,-181.63
10405,2025-02-08,Office Supplies,Consumer,West,9.0,628.6,0.24,141.67
10406,2025-02-09,Technology,Home Office,Central,6.0,1267.71,0.46,-122.86
10407,2025-02-10,Furniture,Corporate,East,5.0,323.38,0.17,-41.94
10408,2025-02-11,Office Supplies,Corporate,Central,3.0,1025.07,0.23,48.23
10409,2025-02-12,Technology,Consumer,South,9.0,1466.66,0.01,337.03
10410,2025-02-13,Office Supplies,Corporate,Central,5.0,197.74,0.04,-6.31
10411,2025-02-14,Furniture,Consumer,South,5.0,62.06,0.13,2.47
10412,2025-02-15,Office Supplies,Corporate,South,4.0,678.7,0.01,-89.61
10413,2025-02-16,Office Supplies,Corporate,West,4.0,184.31,0.32,9.6
10414,2025-02-17,Office Supplies,Consumer,South,1.0,1135.16,0.21,124.78
10415,2025-02-18,Office Supplies,Consumer,West,7.0,1376.1,0.27,147.12
10416,2025-02-19,Furniture,Consumer,West,9.0,679.33,0.09,-0.28
10417,2025-02-20,Office Supplies,Corporate,West,3.0,425.13,0.15,-3.41
10418,2025-02-21,Office Supplies,Corporate,East,2.0,679.88,0.33,-69.36
10419,2025-02-22,Technology,Home Office,East,3.0,1099.0,0.48,16.55
10420,2025-02-23,Office Supplies,Consumer,South,1.0,63.13,0.03,-6.64
10421,2025-02-24,Technology,Corporate,West,6.0,904.71,0.45,176.39
10422,2025-02-25,Furniture,Corporate,East,7.0,939.27,0.29,267.53
10423,2025-02-26,Furniture,Consumer,West,2.0,974.65,0.28,279.27
10424,2025-02-27,Furniture,Home Office,Central,8.0,400.93,0.25,95.94
10425,2025-02-28,Furniture,Consumer,Central,6.0,1085.38,0.03,130.63
10426,2025-03-01,Technology,Home Office,Central,4.0,182.52,0.04,30.19
10427,2025-03-02,Office Supplies,Corporate,South,5.0,338.94,0.3,-7.34
10428,2025-03-03,Furniture,Home Office,West,8.0,1322.33,0.17,176.99
10429,2025-03-04,Office Supplies,Corporate,Central,3.0,1121.15,0.46,61.71
10430,2025-03-05,Technology,Consumer,East,3.0,69.93,0.2,4.68
10431,2025-03-06,Technology,Consumer,Central,4.0,410.15,0.07,78.34
10432,2025-03-07,Technology,Consumer,Central,1.0,360.89,0.36,-8.35
10433,2025-03-08,Furniture,Home Office,Central,9.0,442.67,0.15,-3.05
10434,2025-03-09,Office Supplies,Corporate,South,8.0,408.96,0.26,108.82
10435,2025-03-10,Office Supplies,Consumer,East,8.0,140.66,0.35,-17.54
10436,2025-03-11,Office Supplies,Consumer,West,6.0,715.46,0.45,49.03
10437,2025-03-12,Technology,Corporate,East,7.0,1112.46,0.4,290.09
10438,2025-03-13,Furniture,Consumer,West,6.0,929.76,0.34,115.91
10439,2025-03-14,Technology,Corporate,South,9.0,1025.66,0.34,98.34
10440,2025-03-15,Technology,Corporate,South,3.0,167.67,0.47,
10441,2025-03-16,Office Supplies,Corporate,South,3.0,1429.66,0.15,6.4
10442,2025-03-17,Technology,Corporate,South,3.0,1265.81,0.0,295.47
10443,2025-03-18,Office Supplies,Corporate,West,3.0,1217.38,0.14,123.74
10444,2025-03-19,Furniture,Home Office,Central,9.0,1243.33,0.11,101.5
10445,2025-03-20,Office Supplies,Consumer,West,4.0,1402.43,0.33,-147.52
10446,2025-03-21,Furniture,Home Office,East,7.0,839.17,0.32,-119.82
10447,2025-03-22,Office Supplies,Consumer,South,9.0,340.41,0.3,96.56
10448,2025-03-23,Technology,Home Office,South,7.0,944.34,0.01,18.55
10449,2025-03-24,Technology,Corporate,East,9.0,1127.18,0.36,136.89
10450,2025-03-25,Furniture,Consumer,West,3.0,1119.98,0.16,-127.82
10451,2025-03-26,Furniture,Consumer,Central,4.0,806.1,0.33,126.88
10452,2025-03-27,Furniture,Home Office,Central,8.0,149.27,0.28,40.25
10453,2025-03-28,Office Supplies,Home Office,East,6.0,588.11,0.17,64.13
10454,2025-03-29,Office Supplies,Consumer,Central,5.0,1385.11,0.07,-129.16
10455,2025-03-30,Furniture,Home Office,West,4.0,897.45,0.05,100.31
10456,2025-03-31,Technology,Home Office,West,8.0,830.58,0.42,161.84
10457,2025-04-01,Office Supplies,Home Office,East,1.0,439.84,0.46,14.47
10458,2025-04-02,Office Supplies,Corporate,West,9.0,584.25,0.32,143.68
10459,2025-04-03,Office Supplies,Corporate,South,1.0,1348.25,0.05,191.33
10460,2025-04-04,Furniture,Home Office,East,8.0,1016.37,0.2,258.83
10461,2025-04-05,Furniture,Home Office,West,4.0,1191.71,0.36,155.61
10462,2025-04-06,Furniture,Corporate,East,9.0,708.8,0.39,-64.44
10463,2025-04-07,Furniture,Corporate,Central,5.0,963.86,0.06,-10.25
10464,2025-04-08,Furniture,Consumer,West,3.0,410.16,0.0,-24.28
10465,2025-04-09,Technology,Consumer,South,9.0,1072.92,0.36,277.86
10466,2025-04-10,Technology,Corporate,West,9.0,670.02,0.18,128.76
10467,2025-04-11,Furniture,Home Office,East,4.0,691.69,0.13,106.78
10468,2025-04-12,Office Supplies,Home Office,East,4.0,991.52,0.01,-14.44
10469,2025-04-13,Furniture,Home Office,West,8.0,,0.27,-94.56
10470,2025-04-14,Technology,Home Office,South,2.0,142.81,0.43,27.19
10471,2025-04-15,Technology,Consumer,South,9.0,1245.88,0.48,78.95
10472,2025-04-16,Office Supplies,Corporate,South,6.0,473.96,0.28,-22.94
10473,2025-04-17,Technology,Home Office,East,9.0,693.68,0.26,88.43
10474,2025-04-18,Furniture,Consumer,West,8.0,81.77,0.04,-10.78
10475,2025-04-19,Office Supplies,Home Office,Central,7.0,486.52,0.27,-1.57
10476,2025-04-20,Furniture,Corporate,East,1.0,778.82,0.19,47.39
10477,2025-04-21,Furniture,Consumer,South,3.0,131.46,0.3,-10.97
10478,2025-04-22,Office Supplies,Corporate,West,2.0,762.09,0.19,223.36
10479,2025-04-23,Furniture,Corporate,South,5.0,1394.31,0.12,-77.95
10480,2025-04-24,Technology,Consumer,Central,5.0,202.82,0.05,-18.53
10481,2025-04-25,Furniture,Consumer,South,5.0,1158.44,0.16,-67.66
10482,2025-04-26,Office Supplies,Consumer,South,4.0,644.02,0.05,126.28
10483,2025-04-27,Office Supplies,Consumer,Central,5.0,1000.0,0.09,41.48
10484,2025-04-28,Office Supplies,Consumer,West,3.0,427.34,0.49,44.63
10485,2025-04-29,Furniture,Consumer,East,1.0,281.26,0.22,-39.53
10486,2025-04-30,Office Supplies,Consumer,West,5.0,282.67,0.27,-38.02
10487,2025-05-01,Office Supplies,Home Office,Central,9.0,152.21,0.44,7.71
10488,2025-05-02,Furniture,Corporate,South,9.0,319.19,0.5,69.42
10489,2025-05-03,Technology,Consumer,West,4.0,1013.12,0.29,251.62
10490,2025-05-04,Furniture,Home Office,East,3.0,1328.45,0.41,-147.43
10491,2025-05-05,Office Supplies,Home Office,Central,1.0,1230.48,0.16,113.53
10492,2025-05-06,Office Supplies,Home Office,West,2.0,1043.44,0.15,272.29
10493,2025-05-07,Furniture,Corporate,East,8.0,210.13,0.2,5.17
10494,2025-05-08,Technology,Consumer,Central,1.0,469.32,0.34,104.8
10495,2025-05-09,Office Supplies,Home Office,East,8.0,499.22,0.34,-44.85
10496,2025-05-10,Office Supplies,Corporate,Central,7.0,412.44,0.16,111.74
10497,2025-05-11,Office Supplies,Corporate,South,,796.76,0.07,149.9
10498,2025-05-12,Furniture,Corporate,West,6.0,826.55,0.32,226.14
10499,2025-05-13,Office Supplies,Home Office,East,9.0,567.48,0.06,87.66
10500,2025-05-14,Technology,Consumer,Central,3.0,562.99,0.29,7.62
10501,2025-05-15,Office Supplies,Home Office,East,4.0,1251.41,0.35,340.61
10502,2025-05-16,Office Supplies,Home Office,East,6.0,1194.47,0.35,-31.05
10503,2025-05-17,Technology,Consumer,West,8.0,496.3,0.38,-0.26
10504,2025-05-18,Office Supplies,Consumer,South,5.0,1374.99,0.44,227.37
10505,2025-05-19,Furniture,Consumer,East,3.0,1431.58,0.25,278.29
10506,2025-05-20,Furniture,Corporate,Central,6.0,523.78,0.37,140.49
10507,2025-05-21,Furniture,Consumer,Central,4.0,563.92,0.31,-32.62
10508,2025-05-22,Technology,Home Office,South,9.0,783.17,0.09,163.76
10509,2025-05-23,Office Supplies,Consumer,Central,3.0,1414.63,0.01,257.95
10510,2025-05-24,Furniture,Home Office,South,4.0,1320.66,0.14,-160.19
10511,2025-05-25,Technology,Corporate,Central,7.0,198.72,0.22,4.82
10512,2025-05-26,Office Supplies,Home Office,West,7.0,619.46,0.31,-14.1
10513,2025-05-27,Technology,Home Office,East,4.0,852.39,0.42,-11.06
10514,2025-05-28,Furniture,Consumer,West,6.0,779.54,0.1,227.88
10515,2025-05-29,Furniture,Consumer,East,3.0,331.1,0.06,46.11
10516,2025-05-30,Furniture,Home Office,East,6.0,1295.28,0.48,224.02
10517,2025-05-31,Technology,Consumer,East,2.0,1031.56,0.05,298.61
10518,2025-06-01,Technology,Corporate,West,8.0,1264.97,0.24,24.97
10519,2025-06-02,Furniture,Corporate,East,2.0,1295.21,0.29,273.07
10520,2025-06-03,Technology,Consumer,West,7.0,1135.12,0.27,51.69
10521,2025-06-04,Furniture,Corporate,South,9.0,686.86,0.04,165.73
10522,2025-06-05,Furniture,Consumer,Central,1.0,935.29,0.03,-64.26
10523,2025-06-06,Office Supplies,Home Office,Central,8.0,282.53,0.05,78.11
10524,2025-06-07,Technology,Home Office,East,7.0,1026.79,0.29,-52.93
10525,2025-06-08,Furniture,Corporate,West,6.0,309.92,0.27,-0.99
10526,2025-06-09,Furniture,Consumer,Central,6.0,1056.23,0.12,200.99
10527,2025-06-10,Technology,Consumer,West,6.0,382.92,0.32,10.41
10528,2025-06-11,Office Supplies,Corporate,West,9.0,220.45,0.41,27.27
10529,2025-06-12,Office Supplies,Home Office,East,2.0,289.66,0.02,14.5
10530,2025-06-13,Furniture,Corporate,Central,,52.89,0.25,9.74
10531,2025-06-14,Technology,Home Office,East,6.0,1092.17,0.34,-51.61
10532,2025-06-15,Office Supplies,Consumer,East,50.0,13343.76,0.13,-137.55
10533,2025-06-16,Technology,Home Office,Central,3.0,796.65,0.15,-11.98
10534,2025-06-17,Technology,Corporate,Central,50.0,3407.76,0.31,18.02
10535,2025-06-18,Furniture,Consumer,South,9.0,171.15,0.45,-12.73
10536,2025-06-19,Office Supplies,Corporate,South,1.0,77.74,0.4,0.75
10537,2025-06-20,Furniture,Corporate,West,3.0,290.33,0.29,8.71
10538,2025-06-21,Office Supplies,Home Office,Central,8.0,1341.74,0.37,-166.61
10539,2025-06-22,Office Supplies,Corporate,South,3.0,400.23,0.18,45.02
10540,2025-06-23,Office Supplies,Home Office,West,4.0,563.69,0.32,
10541,2025-06-24,Office Supplies,Consumer,West,8.0,202.75,0.23,-16.57
10542,2025-06-25,Office Supplies,Home Office,West,1.0,372.42,0.09,44.32
10543,2025-06-26,Technology,Consumer,South,6.0,802.88,0.35,119.74
10544,2025-06-27,Furniture,Home Office,Central,1.0,931.24,0.28,36.04
10545,2025-06-28,Technology,Corporate,East,1.0,405.76,0.18,67.15
10546,2025-06-29,Office Supplies,Home Office,West,,133.71,0.46,4.66
10547,2025-06-30,Furniture,Home Office,South,4.0,617.0,0.01,47.56
10548,2025-07-01,Office Supplies,Consumer,South,1.0,389.59,0.16,-57.15
10549,2025-07-02,Furniture,Corporate,East,7.0,368.35,0.03,59.41
10550,2025-07-03,Technology,Home Office,East,5.0,1441.8,0.38,212.82
10551,2025-07-04,Furniture,Corporate,South,5.0,943.64,0.35,-125.24
10552,2025-07-05,Furniture,Home Office,Central,1.0,857.47,0.17,13.47
10553,2025-07-06,Furniture,Home Office,East,6.0,652.87,0.34,
10554,2025-07-07,Furniture,Corporate,South,9.0,671.97,0.2,26.43
10555,2025-07-08,Furniture,Home Office,East,9.0,834.31,0.38,63.3
10556,2025-07-09,Office Supplies,Corporate,Central,8.0,1059.82,0.23,274.99
10557,2025-07-10,Furniture,Home Office,West,5.0,1068.11,0.21,184.54
10558,2025-07-11,Furniture,Consumer,East,1.0,298.96,0.47,33.46
10559,2025-07-12,Technology,Corporate,Central,9.0,775.16,0.13,162.02
10560,2025-07-13,Furniture,Home Office,South,1.0,647.34,0.06,154.69
10561,2025-07-14,Technology,Home Office,East,8.0,1312.26,0.29,72.96
10562,2025-07-15,Office Supplies,Consumer,East,5.0,965.56,0.48,61.6
10563,2025-07-16,Furniture,Corporate,South,3.0,822.13,0.19,19.5
10564,2025-07-17,Technology,Home Office,West,7.0,217.32,0.03,61.94
10565,2025-07-18,Technology,Consumer,South,7.0,928.17,0.17,151.96
10566,2025-07-19,Office Supplies,Home Office,East,9.0,219.95,0.25,-24.76
10567,2025-07-20,Furniture,Corporate,South,7.0,538.95,0.08,128.45
10568,2025-07-21,Furniture,Home Office,Central,3.0,257.12,0.33,17.03
10569,2025-07-22,Technology,Home Office,South,1.0,1053.51,0.5,-125.43
10570,2025-07-23,Furniture,Home Office,East,8.0,349.07,0.23,33.99
10571,2025-07-24,Technology,Home Office,South,3.0,618.2,0.18,23.32
10572,2025-07-25,Furniture,Consumer,West,8.0,1348.73,0.2,330.42
10573,2025-07-26,Technology,Consumer,South,8.0,346.26,0.06,-20.15
10574,2025-07-27,Furniture,Corporate,West,5.0,786.32,0.44,174.49
10575,2025-07-28,Office Supplies,Consumer,Central,1.0,657.94,0.21,66.43
10576,2025-07-29,Furniture,Consumer,West,,76.28,0.19,-9.57
10577,2025-07-30,Furniture,Corporate,South,5.0,1199.5,0.33,344.65
10578,2025-07-31,Office Supplies,Consumer,East,8.0,150.12,0.22,12.11
10579,2025-08-01,Furniture,Consumer,West,9.0,737.67,0.32,-14.09
10580,2025-08-02,Office Supplies,Corporate,Central,7.0,862.98,0.03,52.84
10581,2025-08-03,Furniture,Corporate,West,7.0,961.22,0.41,226.88
10582,2025-08-04,Technology,Corporate,West,1.0,1048.52,0.47,-13.41
10583,2025-08-05,Technology,Home Office,West,4.0,417.24,0.32,-26.41
10584,2025-08-06,Furniture,Home Office,Central,2.0,64.47,0.48,-5.93
10585,2025-08-07,Furniture,Corporate,South,2.0,1098.99,0.08,-17.54
10586,2025-08-08,Furniture,Corporate,West,2.0,826.7,0.24,166.18
10587,2025-08-09,Technology,Corporate,West,4.0,1262.37,0.3,78.56
10588,2025-08-10,Furniture,Home Office,East,1.0,1241.01,0.29,-59.11
10589,2025-08-11,Technology,Home Office,Central,4.0,1272.82,0.2,-95.74
10590,2025-08-12,Office Supplies,Consumer,West,2.0,753.39,0.17,-0.2
10591,2025-08-13,Technology,Consumer,Central,5.0,533.76,0.06,145.7
10592,2025-08-14,Technology,Corporate,West,3.0,1197.76,0.2,5.22
10593,2025-08-15,Office Supplies,Home Office,South,8.0,704.38,0.08,207.55
10594,2025-08-16,Technology,Home Office,South,4.0,315.99,0.37,21.6
10595,2025-08-17,Furniture,Home Office,West,1.0,1289.71,0.1,-89.48
10596,2025-08-18,Furniture,Corporate,South,1.0,1329.71,0.03,333.77
10597,2025-08-19,Technology,Consumer,West,3.0,726.15,0.28,41.51
10598,2025-08-20,Furniture,Corporate,South,9.0,159.76,0.3,27.06
10599,2025-08-21,Technology,Consumer,East,,612.35,0.44,179.22
10600,2025-08-22,Furniture,Consumer,East,2.0,1215.13,0.29,-154.83
10601,2025-08-23,Furniture,Corporate,East,9.0,1357.57,0.17,-144.56
10602,2025-08-24,Technology,Consumer,Central,2.0,345.04,0.4,60.11
10603,2025-08-25,Furniture,Consumer,Central,,147.11,0.27,-3.41
10604,2025-08-26,Technology,Home Office,East,2.0,1322.16,0.04,-88.67
10605,2025-08-27,Furniture,Consumer,Central,3.0,614.64,0.28,-81.31
10606,2025-08-28,Furniture,Corporate,South,6.0,835.55,0.45,-117.12
10607,2025-08-29,Office Supplies,Corporate,West,9.0,1453.7,0.2,288.59
10608,2025-08-30,Office Supplies,Consumer,West,9.0,146.52,0.15,-13.11
10609,2025-08-31,Technology,Home Office,West,7.0,990.06,0.07,59.87
10610,2025-09-01,Office Supplies,Home Office,East,3.0,157.45,0.08,19.31
10611,2025-09-02,Technology,Consumer,Central,4.0,594.43,0.22,25.42
10612,2025-09-03,Office Supplies,Consumer,South,6.0,1215.53,0.3,-167.5
10613,2025-09-04,Furniture,Corporate,South,5.0,678.53,0.04,137.45
10614,2025-09-05,Technology,Consumer,East,2.0,1495.91,0.47,-217.31
10615,2025-09-06,Technology,Home Office,South,6.0,860.64,0.38,165.97
10616,2025-09-07,Furniture,Consumer,South,3.0,515.69,0.29,129.95
10617,2025-09-08,Technology,Corporate,South,8.0,369.16,0.41,16.53
10618,2025-09-09,Technology,Corporate,South,2.0,558.25,0.04,50.8
10619,2025-09-10,Office Supplies,Corporate,Central,1.0,590.17,0.24,38.15
10620,2025-09-11,Technology,Corporate,South,9.0,149.63,0.32,3.76
10621,2025-09-12,Furniture,Corporate,West,3.0,585.88,0.41,146.08
10622,2025-09-13,Office Supplies,Consumer,East,1.0,723.15,0.39,182.43
10623,2025-09-14,Office Supplies,Consumer,Central,7.0,1097.97,0.14,1.23
10624,2025-09-15,Furniture,Consumer,South,5.0,1002.26,0.47,127.07
10625,2025-09-16,Furniture,Consumer,Central,5.0,1077.71,0.06,287.87
10626,2025-09-17,Office Supplies,Corporate,South,1.0,62.13,0.44,17.58
10627,2025-09-18,Technology,Home Office,West,9.0,365.62,0.49,28.9
10628,2025-09-19,Office Supplies,Consumer,East,7.0,1009.44,0.09,54.28
10629,2025-09-20,Furniture,Home Office,South,8.0,751.78,0.36,-18.48
10630,2025-09-21,Office Supplies,Consumer,South,9.0,57.7,0.02,16.24
10631,2025-09-22,Furniture,Consumer,South,6.0,1216.52,0.2,-104.3
10632,2025-09-23,Office Supplies,Home Office,South,5.0,1170.57,0.26,129.84
10633,2025-09-24,Technology,Corporate,East,6.0,845.21,0.29,-19.32
10634,2025-09-25,Office Supplies,Consumer,East,2.0,146.37,0.47,-3.58
10635,2025-09-26,Office Supplies,Consumer,West,4.0,1161.45,0.34,37.44
10636,2025-09-27,Furniture,Consumer,East,3.0,896.38,0.24,268.43
10637,2025-09-28,Furniture,Home Office,South,7.0,,0.4,-148.29
10638,2025-09-29,Furniture,Corporate,West,9.0,1140.03,0.48,125.8
10639,2025-09-30,Office Supplies,Home Office,West,5.0,1214.35,0.01,-137.03
10640,2025-10-01,Technology,Home Office,West,6.0,801.11,0.49,-64.46
10641,2025-10-02,Furniture,Corporate,South,2.0,253.47,0.04,12.12
10642,2025-10-03,Furniture,Home Office,Central,3.0,1023.18,0.41,81.55
10643,2025-10-04,Office Supplies,Corporate,South,3.0,949.69,0.14,-31.86
10644,2025-10-05,Furniture,Consumer,East,9.0,1126.27,0.07,
10645,2025-10-06,Technology,Corporate,East,7.0,296.33,0.22,-32.85
10646,2025-10-07,Technology,Consumer,South,8.0,332.71,0.32,-4.51
10647,2025-10-08,Furniture,Home Office,South,9.0,1341.09,0.19,382.15
10648,2025-10-09,Furniture,Home Office,West,6.0,1137.47,0.03,312.94
10649,2025-10-10,Office Supplies,Consumer,South,4.0,1366.93,0.3,0.95
10650,2025-10-11,Technology,Home Office,West,1.0,1150.14,0.45,122.93
10651,2025-10-12,Technology,Corporate,East,8.0,915.88,0.19,237.5
10652,2025-10-13,Furniture,Consumer,West,7.0,998.49,0.11,-146.99
10653,2025-10-14,Office Supplies,Home Office,South,2.0,1339.24,0.22,287.68
10654,2025-10-15,Technology,Consumer,East,8.0,889.27,0.02,246.12
10655,2025-10-16,Technology,Corporate,Central,5.0,966.97,0.41,-105.31
10656,2025-10-17,Office Supplies,Corporate,West,7.0,276.89,0.41,-21.42
10657,2025-10-18,Office Supplies,Home Office,East,4.0,737.19,0.29,208.14
10658,2025-10-19,Technology,Corporate,West,5.0,1088.78,0.18,100.05
10659,2025-10-20,Technology,Consumer,East,8.0,442.87,0.4,
10660,2025-10-21,Office Supplies,Corporate,East,1.0,343.27,0.28,-11.69
10661,2025-10-22,Technology,Consumer,West,1.0,505.05,0.41,26.5
10662,2025-10-23,Furniture,Consumer,Central,,400.18,0.32,64.75
10663,2025-10-24,Furniture,Corporate,East,3.0,361.62,0.39,65.06
10664,2025-10-25,Office Supplies,Home Office,East,2.0,666.03,0.3,198.44
10665,2025-10-26,Office Supplies,Corporate,East,3.0,1366.37,0.21,-28.17
10666,2025-10-27,Office Supplies,Consumer,Central,1.0,785.24,0.48,72.4
10667,2025-10-28,Furniture,Consumer,Central,1.0,322.48,0.27,29.02
10668,2025-10-29,Technology,Corporate,South,6.0,161.61,0.3,5.26
10669,2025-10-30,Furniture,Home Office,West,5.0,1059.43,0.11,-78.27
10670,2025-10-31,Technology,Home Office,Central,8.0,605.06,0.31,175.38
10671,2025-11-01,Furniture,Consumer,West,2.0,1241.65,0.29,290.54
10672,2025-11-02,Technology,Consumer,South,4.0,1006.29,0.09,74.72
10673,2025-11-03,Furniture,Home Office,West,8.0,1204.55,0.03,
10674,2025-11-04,Office Supplies,Corporate,Central,6.0,444.32,0.3,-21.21
10675,2025-11-05,Furniture,Consumer,West,1.0,1053.92,0.38,99.81
10676,2025-11-06,Technology,Consumer,Central,4.0,432.89,0.26,70.45
10677,2025-11-07,Furniture,Home Office,West,1.0,1411.65,0.11,115.51
10678,2025-11-08,Furniture,Corporate,Central,2.0,972.74,0.33,287.57
10679,2025-11-09,Furniture,Home Office,Central,5.0,520.54,0.04,65.12
10680,2025-11-10,Office Supplies,Corporate,West,8.0,440.79,0.22,7.47
10681,2025-11-11,Furniture,Corporate,South,8.0,326.84,0.08,64.54
10682,2025-11-12,Office Supplies,Corporate,East,3.0,1057.23,0.09,-77.49
10683,2025-11-13,Office Supplies,Consumer,South,4.0,367.14,0.1,8.46
10684,2025-11-14,Furniture,Home Office,West,6.0,913.19,0.19,5.6
10685,2025-11-15,Furniture,Home Office,South,3.0,433.72,0.03,19.22
10686,2025-11-16,Furniture,Corporate,Central,2.0,1009.85,0.2,203.79
10687,2025-11-17,Technology,Consumer,East,6.0,1231.66,0.26,83.6
10688,2025-11-18,Furniture,Consumer,West,5.0,1178.14,0.24,244.24
10689,2025-11-19,Office Supplies,Home Office,West,5.0,1153.23,0.19,126.19
10690,2025-11-20,Furniture,Consumer,West,5.0,322.2,0.42,1.27
10691,2025-11-21,Technology,Consumer,East,5.0,178.16,0.07,38.21
10692,2025-11-22,Furniture,Corporate,Central,3.0,1063.48,0.25,-45.48
10693,2025-11-23,Technology,Consumer,West,7.0,584.1,0.03,-28.64
10694,2025-11-24,Technology,Corporate,South,6.0,676.9,0.04,52.14
10695,2025-11-25,Furniture,Home Office,West,4.0,95.17,0.29,-3.1
10696,2025-11-26,Office Supplies,Consumer,West,2.0,426.39,0.28,-62.21
10697,2025-11-27,Technology,Home Office,West,9.0,98.83,0.44,14.01
10698,2025-11-28,Furniture,Home Office,West,1.0,1324.82,0.28,105.98
10699,2025-11-29,Furniture,Consumer,Central,4.0,402.93,0.48,20.34
10700,2025-11-30,Office Supplies,Consumer,South,1.0,858.14,0.02,244.69
10701,2025-12-01,Technology,Home Office,Central,6.0,106.52,0.05,11.4
10702,2025-12-02,Technology,Consumer,South,4.0,1016.93,0.02,242.58
10703,2025-12-03,Furniture,Corporate,West,5.0,518.39,0.09,-45.23
10704,2025-12-04,Furniture,Corporate,East,5.0,1351.98,0.27,143.5
10705,2025-12-05,Office Supplies,Consumer,Central,9.0,1337.77,0.32,321.86
10706,2025-12-06,Office Supplies,Home Office,East,1.0,521.67,0.02,58.63
10707,2025-12-07,Technology,Consumer,Central,2.0,1356.39,0.47,234.8
10708,2025-12-08,Technology,Consumer,West,6.0,1494.43,0.42,26.03
10709,2025-12-09,Furniture,Home Office,Central,5.0,1246.85,0.15,-135.16
10710,2025-12-10,Technology,Home Office,West,7.0,1275.06,0.04,71.47
10711,2025-12-11,Office Supplies,Corporate,Central,3.0,411.06,0.08,
10712,2025-12-12,Office Supplies,Home Office,West,3.0,886.22,0.06,212.85
10713,2025-12-13,Furniture,Corporate,West,2.0,147.52,0.06,-5.93
10714,2025-12-14,Office Supplies,Home Office,South,3.0,187.63,0.26,53.48
10715,2025-12-15,Office Supplies,Consumer,West,1.0,1498.39,0.12,421.29
10716,2025-12-16,Office Supplies,Corporate,South,5.0,523.63,0.18,-20.19
10717,2025-12-17,Office Supplies,Corporate,West,5.0,1134.87,0.49,7.52
10718,2025-12-18,Furniture,Corporate,East,7.0,1219.66,0.34,308.57
10719,2025-12-19,Furniture,Consumer,West,4.0,1294.13,0.47,368.8
10720,2025-12-20,Technology,Consumer,East,3.0,1496.56,0.07,74.15
10721,2025-12-21,Office Supplies,Consumer,East,1.0,400.17,0.19,-2.22
10722,2025-12-22,Technology,Consumer,West,8.0,108.51,0.28,9.41
10723,2025-12-23,Furniture,Consumer,East,3.0,646.23,0.04,103.07
10724,2025-12-24,Furniture,Corporate,South,2.0,238.62,0.0,-6.43
10725,2025-12-25,Furniture,Consumer,Central,4.0,82.52,0.34,14.97
10726,2025-12-26,Furniture,Corporate,West,3.0,572.62,0.32,-72.58
10727,2025-12-27,Furniture,Consumer,East,1.0,1186.42,0.21,-151.65
10728,2025-12-28,Furniture,Home Office,West,3.0,870.96,0.24,20.75
10729,2025-12-29,Furniture,Corporate,South,2.0,503.53,0.21,4.56
10730,2025-12-30,Office Supplies,Home Office,West,8.0,998.8,0.01,-7.96
10731,2025-12-31,Technology,Corporate,West,50.0,4637.16,0.17,27.42
10732,2026-01-01,Furniture,Home Office,East,9.0,70.85,0.09,-0.4
10733,2026-01-02,Office Supplies,Consumer,South,8.0,1158.31,0.05,-73.53
10734,2026-01-03,Office Supplies,Consumer,Central,3.0,954.43,0.48,-10.25
10735,2026-01-04,Technology,Consumer,Central,5.0,1155.34,0.3,333.55
10736,2026-01-05,Furniture,Corporate,East,7.0,106.46,0.36,3.73
10737,2026-01-06,Technology,Home Office,West,,1263.82,0.16,63.34
10738,2026-01-07,Furniture,Consumer,East,8.0,948.31,0.2,103.79
10739,2026-01-08,Office Supplies,Home Office,East,5.0,866.92,0.12,253.58
10740,2026-01-09,Office Supplies,Home Office,East,1.0,955.69,0.05,-39.45
10741,2026-01-10,Office Supplies,Consumer,West,5.0,1303.43,0.09,204.09
10742,2026-01-11,Office Supplies,Consumer,South,4.0,901.06,0.4,155.16
10743,2026-01-12,Technology,Home Office,East,6.0,892.38,0.34,110.03
10744,2026-01-13,Furniture,Consumer,West,3.0,1486.48,0.27,-163.72
10745,2026-01-14,Furniture,Consumer,South,5.0,1147.26,0.24,177.36
10746,2026-01-15,Technology,Consumer,East,2.0,691.33,0.46,-83.76
10747,2026-01-16,Furniture,Corporate,Central,6.0,1075.73,0.04,127.22
10748,2026-01-17,Office Supplies,Home Office,South,6.0,614.38,0.14,112.32
10749,2026-01-18,Furniture,Home Office,East,5.0,381.87,0.17,-21.03
10750,2026-01-19,Office Supplies,Corporate,South,6.0,915.44,0.39,209.39
10751,2026-01-20,Technology,Home Office,South,7.0,1395.86,0.5,-190.31
10752,2026-01-21,Furniture,Consumer,South,5.0,1397.25,0.12,320.97
10753,2026-01-22,Technology,Home Office,South,1.0,545.76,0.44,31.19
10754,2026-01-23,Furniture,Consumer,South,8.0,815.13,0.42,-42.46
10755,2026-01-24,Office Supplies,Corporate,South,4.0,356.87,0.11,-32.05
10756,2026-01-25,Technology,Consumer,East,9.0,1493.67,0.2,416.72
10757,2026-01-26,Furniture,Home Office,Central,6.0,1472.62,0.2,-172.74
10758,2026-01-27,Office Supplies,Home Office,West,1.0,991.79,0.49,-59.91
10759,2026-01-28,Technology,Home Office,South,3.0,1216.4,0.09,7.93
10760,2026-01-29,Technology,Corporate,West,3.0,1086.9,0.4,140.32
10761,2026-01-30,Furniture,Corporate,East,4.0,910.08,0.17,86.6
10762,2026-01-31,Furniture,Home Office,South,6.0,127.35,0.37,-11.9
10763,2026-02-01,Furniture,Consumer,Central,7.0,709.41,0.21,-13.92
10764,2026-02-02,Office Supplies,Corporate,West,4.0,1028.44,0.29,-43.77
10765,2026-02-03,Furniture,Home Office,South,6.0,1032.42,0.42,-55.65
10766,2026-02-04,Technology,Home Office,East,1.0,591.03,0.4,20.69
10767,2026-02-05,Technology,Corporate,Central,8.0,1415.45,0.43,236.12
10768,2026-02-06,Furniture,Corporate,West,7.0,292.67,0.03,-15.26
10769,2026-02-07,Furniture,Corporate,West,9.0,775.52,0.35,11.64
10770,2026-02-08,Technology,Consumer,South,3.0,1051.78,0.07,27.25
10771,2026-02-09,Office Supplies,Consumer,Central,2.0,1060.85,0.21,307.02
10772,2026-02-10,Furniture,Home Office,Central,1.0,990.53,0.27,276.95
10773,2026-02-11,Furniture,Corporate,Central,3.0,449.17,0.2,94.35
10774,2026-02-12,Technology,Consumer,Central,5.0,276.5,0.26,-11.41
10775,2026-02-13,Furniture,Corporate,East,2.0,972.11,0.5,-116.05
10776,2026-02-14,Office Supplies,Home Office,Central,3.0,918.99,0.07,-6.79
10777,2026-02-15,Technology,Consumer,West,4.0,310.07,0.34,-9.28
10778,2026-02-16,Furniture,Consumer,West,7.0,1072.45,0.2,83.29
10779,2026-02-17,Technology,Consumer,East,3.0,710.0,0.07,141.98
10780,2026-02-18,Furniture,Home Office,West,9.0,1018.25,0.08,240.56
10781,2026-02-19,Furniture,Corporate,West,8.0,1264.18,0.47,291.0
10782,2026-02-20,Furniture,Consumer,Central,4.0,296.11,0.44,3.51
10783,2026-02-21,Office Supplies,Home Office,West,1.0,,0.45,12.38
10784,2026-02-22,Office Supplies,Corporate,East,1.0,1179.7,0.5,-10.88
10785,2026-02-23,Technology,Home Office,Central,1.0,934.06,0.1,-114.51
10786,2026-02-24,Furniture,Corporate,South,1.0,1064.48,0.18,176.39
10787,2026-02-25,Furniture,Home Office,Central,8.0,1265.32,0.33,-184.2
10788,2026-02-26,Office Supplies,Corporate,East,3.0,1214.08,0.24,41.44
10789,2026-02-27,Furniture,Consumer,Central,6.0,1443.33,0.21,-2.57
10790,2026-02-28,Office Supplies,Corporate,Central,3.0,827.11,0.18,134.01
10791,2026-03-01,Furniture,Home Office,East,5.0,758.32,0.3,147.73
10792,2026-03-02,Technology,Home Office,Central,7.0,632.74,0.29,-8.33
10793,2026-03-03,Furniture,Corporate,East,2.0,272.85,0.08,58.73
10794,2026-03-04,Furniture,Consumer,East,6.0,880.28,0.24,-15.61
10795,2026-03-05,Office Supplies,Consumer,South,6.0,451.67,0.28,22.97
10796,2026-03-06,Furniture,Corporate,West,3.0,1385.9,0.29,245.52
10797,2026-03-07,Furniture,Corporate,West,6.0,895.63,0.11,144.93
10798,2026-03-08,Office Supplies,Home Office,Central,5.0,909.62,0.37,267.72
10799,2026-03-09,Technology,Consumer,Central,2.0,564.64,0.01,-27.49
10800,2026-03-10,Technology,Corporate,South,9.0,125.38,0.18,18.56
10801,2026-03-11,Office Supplies,Consumer,South,8.0,96.03,0.39,11.94
10802,2026-03-12,Office Supplies,Corporate,South,3.0,663.84,0.28,173.79
10803,2026-03-13,Office Supplies,Corporate,East,8.0,172.62,0.13,-13.75
10804,2026-03-14,Office Supplies,Consumer,South,9.0,929.93,0.35,175.11
10805,2026-03-15,Office Supplies,Corporate,South,3.0,1327.41,0.28,140.33
10806,2026-03-16,Technology,Corporate,Central,3.0,1330.23,0.4,-35.12
10807,2026-03-17,Technology,Home Office,South,2.0,1005.62,0.37,63.85
10808,2026-03-18,Office Supplies,Corporate,East,8.0,356.29,0.31,0.07
10809,2026-03-19,Furniture,Corporate,East,1.0,1301.35,0.24,144.05
10810,2026-03-20,Office Supplies,Corporate,Central,8.0,1334.84,0.07,333.78
10811,2026-03-21,Furniture,Home Office,South,7.0,335.15,0.13,35.59
10812,2026-03-22,Office Supplies,Consumer,South,7.0,1119.27,0.21,150.29
10813,2026-03-23,Office Supplies,Home Office,East,3.0,465.45,0.3,38.84
10814,2026-03-24,Technology,Home Office,South,1.0,1213.83,0.26,-154.13
10815,2026-03-25,Furniture,Consumer,South,4.0,1495.99,0.14,-67.64
10816,2026-03-26,Furniture,Home Office,South,9.0,93.54,0.0,6.68
10817,2026-03-27,Technology,Consumer,West,5.0,1351.18,0.25,-14.04
10818,2026-03-28,Technology,Home Office,Central,1.0,,0.14,-64.99
10819,2026-03-29,Technology,Consumer,West,5.0,1461.4,0.37,112.32
10820,2026-03-30,Technology,Corporate,Central,8.0,,0.01,-3.43
10821,2026-03-31,Furniture,Home Office,East,8.0,1278.71,0.29,-43.29
10822,2026-04-01,Furniture,Home Office,South,5.0,140.47,0.47,8.26
10823,2026-04-02,Office Supplies,Home Office,Central,9.0,536.15,0.09,-48.27
10824,2026-04-03,Office Supplies,Home Office,West,1.0,147.17,0.24,39.37
10825,2026-04-04,Technology,Corporate,South,4.0,1464.25,0.05,352.1
10826,2026-04-05,Technology,Home Office,East,3.0,1234.61,0.31,207.94
10827,2026-04-06,Technology,Corporate,Central,2.0,1286.19,0.28,-131.45
10828,2026-04-07,Office Supplies,Corporate,Central,8.0,,0.2,280.8
10829,2026-04-08,Office Supplies,Corporate,Central,7.0,173.4,0.26,37.03
10830,2026-04-09,Office Supplies,Corporate,South,9.0,609.12,0.45,119.08
10831,2026-04-10,Office Supplies,Consumer,West,2.0,153.0,0.1,-15.1
10832,2026-04-11,Office Supplies,Consumer,West,4.0,355.65,0.01,49.71
10833,2026-04-12,Office Supplies,Home Office,Central,6.0,382.58,0.43,86.25
10834,2026-04-13,Office Supplies,Consumer,East,3.0,730.21,0.29,80.18
10835,2026-04-14,Technology,Consumer,East,8.0,439.42,0.45,61.91
10836,2026-04-15,Technology,Home Office,West,3.0,196.42,0.3,11.05
10837,2026-04-16,Technology,Home Office,East,2.0,292.86,0.41,25.75
10838,2026-04-17,Technology,Home Office,West,3.0,263.55,0.21,-35.46
10839,2026-04-18,Office Supplies,Consumer,Central,6.0,1460.96,0.37,200.93
10840,2026-04-19,Furniture,Consumer,West,2.0,1150.97,0.46,-130.46
10841,2026-04-20,Office Supplies,Home Office,West,8.0,1453.25,0.29,66.5
10842,2026-04-21,Furniture,Corporate,Central,1.0,687.62,0.09,-12.59
10843,2026-04-22,Technology,Home Office,East,7.0,453.63,0.13,43.3
10844,2026-04-23,Office Supplies,Corporate,West,2.0,1207.53,0.1,-108.63
10845,2026-04-24,Technology,Corporate,West,6.0,523.07,0.12,84.34
10846,2026-04-25,Office Supplies,Home Office,Central,2.0,484.11,0.15,100.58
10847,2026-04-26,Technology,Home Office,East,2.0,387.13,0.28,-29.61
10848,2026-04-27,Furniture,Home Office,West,8.0,238.03,0.29,-24.53
10849,2026-04-28,Furniture,Consumer,Central,2.0,421.87,0.21,-35.66
10850,2026-04-29,Furniture,Corporate,West,7.0,565.21,0.31,138.31
10851,2026-04-30,Office Supplies,Consumer,South,3.0,1027.29,0.04,90.08
10852,2026-05-01,Furniture,Consumer,Central,8.0,140.72,0.04,8.48
10853,2026-05-02,Office Supplies,Home Office,East,7.0,355.24,0.09,-36.23
10854,2026-05-03,Furniture,Consumer,East,8.0,1223.08,0.26,174.04
10855,2026-05-04,Furniture,Home Office,East,7.0,263.04,0.11,63.29
10856,2026-05-05,Office Supplies,Corporate,East,6.0,546.84,0.14,121.77
10857,2026-05-06,Office Supplies,Home Office,West,7.0,1303.76,0.2,171.74
10858,2026-05-07,Furniture,Consumer,West,5.0,274.64,0.41,-31.89
10859,2026-05-08,Office Supplies,Consumer,East,7.0,169.97,0.01,-16.9
10860,2026-05-09,Furniture,Home Office,East,1.0,752.58,0.32,-96.19
10861,2026-05-10,Office Supplies,Home Office,East,1.0,488.51,0.33,-16.67
10862,2026-05-11,Technology,Consumer,West,9.0,866.94,0.4,-77.12
10863,2026-05-12,Technology,Corporate,East,5.0,1215.52,0.47,-40.09
10864,2026-05-13,Technology,Corporate,East,5.0,248.87,0.01,5.79
10865,2026-05-14,Technology,Home Office,South,3.0,892.01,0.08,244.72
10866,2026-05-15,Technology,Corporate,South,5.0,782.99,0.44,97.61
10867,2026-05-16,Furniture,Consumer,East,3.0,258.91,0.23,58.45
10868,2026-05-17,Technology,Home Office,Central,9.0,954.8,0.28,161.99
10869,2026-05-18,Technology,Consumer,East,9.0,446.78,0.33,-44.4
10870,2026-05-19,Technology,Consumer,South,6.0,757.36,0.34,137.21
10871,2026-05-20,Technology,Corporate,Central,1.0,169.29,0.47,-4.44
10872,2026-05-21,Office Supplies,Home Office,Central,7.0,716.4,0.5,98.58
10873,2026-05-22,Furniture,Home Office,East,7.0,494.37,0.36,1.7
10874,2026-05-23,Technology,Corporate,South,4.0,1242.45,0.14,371.43
10875,2026-05-24,Technology,Consumer,South,8.0,132.62,0.44,-4.16
10876,2026-05-25,Technology,Consumer,Central,6.0,656.98,0.02,-16.02
10877,2026-05-26,Furniture,Consumer,East,4.0,714.73,0.12,192.12
10878,2026-05-27,Office Supplies,Consumer,West,4.0,1101.26,0.45,-152.98
10879,2026-05-28,Furniture,Home Office,West,2.0,882.72,0.13,144.33
10880,2026-05-29,Office Supplies,Home Office,South,2.0,1017.46,0.11,179.48
10881,2026-05-30,Technology,Corporate,West,4.0,1176.72,0.07,266.37
10882,2026-05-31,Technology,Corporate,South,5.0,1300.19,0.43,375.1
10883,2026-06-01,Furniture,Home Office,South,8.0,505.12,0.25,145.99
10884,2026-06-02,Furniture,Home Office,South,6.0,830.13,0.34,-100.13
10885,2026-06-03,Office Supplies,Consumer,West,4.0,1268.16,0.12,278.78
10886,2026-06-04,Office Supplies,Consumer,South,7.0,1484.7,0.38,209.1
10887,2026-06-05,Furniture,Corporate,Central,8.0,1339.8,0.38,189.32
10888,2026-06-06,Office Supplies,Home Office,East,2.0,588.63,0.16,-54.3
10889,2026-06-07,Furniture,Corporate,East,7.0,332.99,0.21,47.48
10890,2026-06-08,Office Supplies,Home Office,South,2.0,759.62,0.1,221.9
10891,2026-06-09,Furniture,Consumer,East,2.0,1125.38,0.49,292.96
10892,2026-06-10,Furniture,Corporate,West,8.0,764.23,0.32,36.38
10893,2026-06-11,Furniture,Corporate,West,2.0,750.61,0.47,-99.1
10894,2026-06-12,Office Supplies,Home Office,East,9.0,1265.43,0.15,16.49
10895,2026-06-13,Office Supplies,Consumer,West,1.0,574.04,0.39,127.37
10896,2026-06-14,Office Supplies,Corporate,East,9.0,1296.7,0.38,214.83
10897,2026-06-15,Furniture,Consumer,East,1.0,639.87,0.35,36.28
10898,2026-06-16,Office Supplies,Corporate,East,2.0,525.94,0.48,-65.85
10899,2026-06-17,Office Supplies,Consumer,South,6.0,708.29,0.2,29.82
10900,2026-06-18,Furniture,Home Office,East,6.0,1155.55,0.07,70.56
10901,2026-06-19,Technology,Corporate,South,1.0,232.7,0.34,62.33
10902,2026-06-20,Furniture,Corporate,East,7.0,334.81,0.36,46.37
10903,2026-06-21,Office Supplies,Consumer,East,8.0,1429.59,0.29,-13.95
10904,2026-06-22,Furniture,Consumer,East,2.0,304.46,0.1,26.3
10905,2026-06-23,Technology,Corporate,West,8.0,873.2,0.25,-105.02
10906,2026-06-24,Furniture,Home Office,South,9.0,890.01,0.16,256.02
10907,2026-06-25,Office Supplies,Consumer,South,6.0,759.96,0.21,9.14
10908,2026-06-26,Technology,Consumer,East,5.0,984.88,0.32,64.06
10909,2026-06-27,Office Supplies,Consumer,East,9.0,383.25,0.37,3.79
10910,2026-06-28,Technology,Corporate,West,9.0,851.36,0.12,133.77
10911,2026-06-29,Technology,Corporate,West,1.0,589.65,0.2,87.27
10912,2026-06-30,Furniture,Corporate,West,3.0,1009.42,0.13,173.51
10913,2026-07-01,Furniture,Corporate,South,9.0,254.77,0.1,-7.47
10914,2026-07-02,Office Supplies,Home Office,South,50.0,10533.24,0.39,-6.98
10915,2026-07-03,Furniture,Home Office,South,4.0,318.64,0.45,-29.84
10916,2026-07-04,Furniture,Corporate,East,4.0,454.03,0.19,65.83
10917,2026-07-05,Technology,Home Office,South,2.0,367.13,0.38,-48.49
10918,2026-07-06,Furniture,Consumer,Central,3.0,315.11,0.45,37.48
10919,2026-07-07,Technology,Consumer,Central,3.0,1247.28,0.42,301.05
10920,2026-07-08,Technology,Consumer,West,1.0,464.28,0.09,116.48
10921,2026-07-09,Technology,Corporate,South,6.0,1394.33,0.48,72.6
10922,2026-07-10,Office Supplies,Consumer,Central,8.0,1456.39,0.19,82.56
10923,2026-07-11,Office Supplies,Home Office,West,3.0,878.33,0.17,-101.33
10924,2026-07-12,Office Supplies,Corporate,South,5.0,257.35,0.03,39.08
10925,2026-07-13,Technology,Home Office,East,1.0,593.09,0.24,130.22
10926,2026-07-14,Office Supplies,Consumer,Central,7.0,1206.71,0.05,-48.15
10927,2026-07-15,Office Supplies,Consumer,East,1.0,582.72,0.12,23.07
10928,2026-07-16,Furniture,Consumer,South,9.0,176.17,0.16,40.07
10929,2026-07-17,Office Supplies,Corporate,Central,8.0,857.34,0.4,209.79
10930,2026-07-18,Office Supplies,Home Office,South,7.0,1275.43,0.44,-51.74
10931,2026-07-19,Technology,Corporate,East,7.0,1204.09,0.15,117.71
10932,2026-07-20,Technology,Corporate,Central,5.0,303.93,0.43,-19.26
10933,2026-07-21,Technology,Consumer,East,5.0,1025.51,0.43,-106.81
10934,2026-07-22,Technology,Corporate,South,5.0,369.73,0.38,96.13
10935,2026-07-23,Technology,Corporate,South,1.0,366.4,0.07,80.33
10936,2026-07-24,Technology,Consumer,East,8.0,1317.4,0.35,252.96
10937,2026-07-25,Office Supplies,Corporate,Central,1.0,412.02,0.47,-52.76
10938,2026-07-26,Technology,Consumer,East,4.0,431.71,0.34,99.15
10939,2026-07-27,Technology,Consumer,South,9.0,50.95,0.17,2.4
10940,2026-07-28,Furniture,Consumer,East,9.0,1312.47,0.25,5.35
10941,2026-07-29,Office Supplies,Consumer,South,5.0,1199.26,0.32,115.03
10942,2026-07-30,Office Supplies,Corporate,East,4.0,959.63,0.26,-104.5
10943,2026-07-31,Office Supplies,Consumer,Central,3.0,,0.06,216.76
10944,2026-08-01,Technology,Consumer,Central,3.0,270.47,0.16,30.32
10945,2026-08-02,Technology,Corporate,East,5.0,714.57,0.4,-47.19
10946,2026-08-03,Technology,Corporate,East,1.0,559.27,0.43,-36.52
10947,2026-08-04,Furniture,Home Office,Central,5.0,185.98,0.07,-12.48
10948,2026-08-05,Technology,Corporate,South,6.0,754.89,0.48,-93.87
10949,2026-08-06,Furniture,Corporate,Central,7.0,1385.07,0.16,158.6
10950,2026-08-07,Office Supplies,Home Office,South,9.0,108.09,0.33,24.66
10951,2026-08-08,Technology,Corporate,East,3.0,472.62,0.38,-67.17
10952,2026-08-09,Furniture,Corporate,East,2.0,350.93,0.41,-44.9
10953,2026-08-10,Furniture,Corporate,South,3.0,395.31,0.47,42.59
10954,2026-08-11,Technology,Corporate,East,9.0,1367.23,0.16,299.11
10955,2026-08-12,Office Supplies,Home Office,South,7.0,728.7,0.43,-2.16
10956,2026-08-13,Office Supplies,Corporate,West,9.0,726.13,0.07,5.32
10957,2026-08-14,Office Supplies,Corporate,Central,2.0,1152.83,0.35,136.44
10958,2026-08-15,Furniture,Home Office,West,5.0,274.01,0.37,-7.29
10959,2026-08-16,Furniture,Consumer,South,4.0,756.53,0.34,-104.42
10960,2026-08-17,Furniture,Home Office,Central,2.0,673.48,0.13,121.8
10961,2026-08-18,Furniture,Consumer,South,9.0,915.52,0.44,
10962,2026-08-19,Office Supplies,Home Office,Central,9.0,1499.36,0.08,166.94
10963,2026-08-20,Technology,Home Office,Central,6.0,1165.7,0.03,214.21
10964,2026-08-21,Furniture,Corporate,Central,6.0,626.91,0.36,96.45
10965,2026-08-22,Furniture,Consumer,Central,8.0,1249.95,0.24,-71.69
10966,2026-08-23,Office Supplies,Corporate,South,6.0,297.53,0.42,2.56
10967,2026-08-24,Technology,Consumer,Central,1.0,94.17,0.19,-8.78
10968,2026-08-25,Technology,Home Office,Central,4.0,346.45,0.08,-31.72
10969,2026-08-26,Office Supplies,Home Office,West,7.0,543.6,0.42,83.87
10970,2026-08-27,Office Supplies,Consumer,East,2.0,790.34,0.27,186.81
10971,2026-08-28,Technology,Corporate,East,9.0,941.94,0.09,266.79
10972,2026-08-29,Furniture,Corporate,West,8.0,1370.38,0.36,181.93
10973,2026-08-30,Technology,Corporate,West,8.0,789.29,0.26,-53.0
10974,2026-08-31,Office Supplies,Corporate,South,7.0,776.85,0.3,-79.59
10975,2026-09-01,Furniture,Home Office,South,4.0,122.85,0.23,26.51
10976,2026-09-02,Furniture,Home Office,South,2.0,100.62,0.41,11.11
10977,2026-09-03,Office Supplies,Home Office,West,3.0,849.18,0.41,108.89
10978,2026-09-04,Office Supplies,Home Office,West,6.0,685.36,0.35,138.21
10979,2026-09-05,Office Supplies,Home Office,Central,5.0,1266.81,0.05,210.89
10980,2026-09-06,Technology,Corporate,South,8.0,282.99,0.42,63.82
10981,2026-09-07,Technology,Corporate,South,6.0,86.21,0.34,-10.75
10982,2026-09-08,Furniture,Corporate,South,6.0,701.11,0.35,130.68
10983,2026-09-09,Office Supplies,Corporate,East,1.0,394.34,0.18,91.84
10984,2026-09-10,Furniture,Home Office,Central,4.0,121.94,0.44,-2.59
10985,2026-09-11,Furniture,Home Office,South,5.0,1100.67,0.36,152.11
10986,2026-09-12,Furniture,Home Office,South,3.0,211.81,0.06,-1.83
10987,2026-09-13,Furniture,Consumer,South,9.0,932.06,0.2,261.99
10988,2026-09-14,Office Supplies,Corporate,East,1.0,457.52,0.44,-61.75
10989,2026-09-15,Furniture,Corporate,East,6.0,301.57,0.02,33.45
10990,2026-09-16,Office Supplies,Home Office,West,6.0,600.64,0.48,-45.09
10991,2026-09-17,Office Supplies,Corporate,Central,5.0,1212.1,0.34,206.66
10992,2026-09-18,Technology,Corporate,West,5.0,618.54,0.32,-43.82
10993,2026-09-19,Office Supplies,Home Office,Central,5.0,1138.62,0.14,-50.19
10994,2026-09-20,Technology,Consumer,East,6.0,231.96,0.12,16.81
10995,2026-09-21,Office Supplies,Consumer,South,8.0,1170.52,0.47,306.3
10996,2026-09-22,Office Supplies,Consumer,West,2.0,393.55,0.15,-21.54
10997,2026-09-23,Office Supplies,Home Office,South,6.0,1032.22,0.39,-87.83
10998,2026-09-24,Technology,Corporate,West,1.0,870.38,0.2,166.71
10999,2026-09-25,Technology,Home Office,East,4.0,1397.26,0.07,105.18
11000,2026-09-26,Furniture,Home Office,East,3.0,611.62,0.01,159.21
